pathogen,screen,compound_id,inchikey,compound_name,smiles,evidence_level,is_hit_real,inhib_ave,px_real,in_dti_test_split,seen_in_training,source_pathogen,source_px,notes,pred_pmic,bucket
Acinetobacter baumannii,B_transferencia_entre_patogenos,CHEMBL850,DZZWHBIBMUVIIW-DTORHVGOSA-N,SPARFLOXACIN,C[C@@H]1CN(c2c(F)c(N)c3c(=O)c(C(=O)O)cn(C4CC4)c3c2F)C[C@H](C)N1,sin_medida,False,,,True,False,Klebsiella pneumoniae,6.8947656349095325,,6.093,hipotesis_transferencia
Acinetobacter baumannii,B_transferencia_entre_patogenos,CHEMBL132468,LTDOHCZUKCZDEQ-BJOHPYRUSA-N,CETEFLOXACIN,C[C@H]1[C@H](N)CN1c1cc2c(cc1F)c(=O)c(C(=O)O)cn2-c1ccc(F)cc1F,sin_medida,False,,,False,False,Klebsiella pneumoniae,7.42960156927669,,6.0699,hipotesis_transferencia
Acinetobacter baumannii,B_transferencia_entre_patogenos,CHEMBL16727,AUUKUAHPMHVZJL-NSHDSACASA-N,ABT-719,Cc1c(N2CC[C@H](N)C2)c(F)cn2c(=O)c(C(=O)O)cc(C3CC3)c12,sin_medida,False,,,False,False,Klebsiella pneumoniae,7.839319636128946,,6.0605,hipotesis_transferencia
Acinetobacter baumannii,B_transferencia_entre_patogenos,CHEMBL583,AIJTTZAVMXIJGM-UHFFFAOYSA-N,GREPAFLOXACIN,Cc1c(F)c(N2CCNC(C)C2)cc2c1c(=O)c(C(=O)O)cn2C1CC1,sin_medida,False,,,False,False,Klebsiella pneumoniae,6.856609276822796,,5.8776,hipotesis_transferencia
Acinetobacter baumannii,B_transferencia_entre_patogenos,CHEMBL6210,WDBGUJBLPRXPIX-UHFFFAOYSA-N,PD-117558,CCNCC1CCN(c2c(F)cc3c(=O)c(C(=O)O)cn(C4CC4)c3c2F)C1,sin_medida,False,,,False,False,Klebsiella pneumoniae,6.893670789190679,,5.8318,hipotesis_transferencia
Acinetobacter baumannii,B_transferencia_entre_patogenos,CHEMBL6259,NOCJXYPHIIZEHN-UHFFFAOYSA-N,DIFLOXACIN,CN1CCN(c2cc3c(cc2F)c(=O)c(C(=O)O)cn3-c2ccc(F)cc2)CC1,sin_medida,False,,,False,False,Klebsiella pneumoniae,6.601404798420665,,5.8245,hipotesis_transferencia
Acinetobacter baumannii,B_transferencia_entre_patogenos,CHEMBL49282,QKDHBVNJCZBTMR-LLVKDONJSA-N,(S)-TEMAFLOXACIN,C[C@@H]1CN(c2cc3c(cc2F)c(=O)c(C(=O)O)cn3-c2ccc(F)cc2F)CCN1,sin_medida,False,,,False,False,Klebsiella pneumoniae,6.620538918337037,,5.8205,hipotesis_transferencia
Acinetobacter baumannii,B_transferencia_entre_patogenos,CHEMBL6209,BAYYCLWCHFVRLV-UHFFFAOYSA-N,MERAFLOXACIN,CCNCC1CCN(c2c(F)cc3c(=O)c(C(=O)O)cn(CC)c3c2F)C1,sin_medida,False,,,False,False,Klebsiella pneumoniae,6.278075343628064,,5.8157,hipotesis_transferencia
Acinetobacter baumannii,B_transferencia_entre_patogenos,CHEMBL1689772,JEECQCWWSTZDCK-IQZGDKDPSA-N,OMADACYCLINE,CN(C)c1cc(CNCC(C)(C)C)c(O)c2c1C[C@H]1C[C@H]3[C@H](N(C)C)C(O)=C(C(N)=O)C(=O)[C@@]3(O)C(O)=C1C2=O,sin_medida,False,,,False,False,Klebsiella pneumoniae,5.444560019601275,,5.7915,hipotesis_transferencia
Acinetobacter baumannii,B_transferencia_entre_patogenos,CHEMBL420937,GSDSWSVVBLHKDQ-SNVBAGLBSA-N,DEXTROFLOXACINE,C[C@@H]1COc2c(N3CCN(C)CC3)c(F)cc3c(=O)c(C(=O)O)cn1c23,sin_medida,False,,,False,False,Klebsiella pneumoniae,5.475170330788782,,5.7663,hipotesis_transferencia
Acinetobacter baumannii,B_transferencia_entre_patogenos,CHEMBL1257096,VMKVDAAFMQKZJS-LFIBNONCSA-N,ACORAFLOXACIN,COc1c(N2CCC/C(=C(\F)CN)C2)c(F)cc2c(=O)c(C(=O)O)cn(C3CC3)c12,sin_medida,False,,,False,False,Klebsiella pneumoniae,7.4465661604918365,,5.7598,hipotesis_transferencia
Acinetobacter baumannii,B_transferencia_entre_patogenos,CHEMBL1459,WKRSSAPQZDHYRV-VIFPVBQESA-N,N-DESMETHYL LEVOFLOXACIN,C[C@H]1COc2c(N3CCNCC3)c(F)cc3c(=O)c(C(=O)O)cn1c23,sin_medida,False,,,False,False,Klebsiella pneumoniae,6.142822293277562,,5.7573,hipotesis_transferencia
Acinetobacter baumannii,B_transferencia_entre_patogenos,CHEMBL537626,BMACYHMTJHBPOX-UHFFFAOYSA-N,CLINAFLOXACIN HYDROCHLORIDE,Cl.NC1CCN(c2c(F)cc3c(=O)c(C(=O)O)cn(C4CC4)c3c2Cl)C1,sin_medida,False,,,False,False,Klebsiella pneumoniae,7.206559283076251,,5.7077,hipotesis_transferencia
Acinetobacter baumannii,B_transferencia_entre_patogenos,CHEMBL215303,NJDRXTDGYFKORP-LLVKDONJSA-N,GARENOXACIN,C[C@H]1NCc2cc(-c3ccc4c(=O)c(C(=O)O)cn(C5CC5)c4c3OC(F)F)ccc21,sin_medida,False,,,False,False,Klebsiella pneumoniae,6.930866543022366,,5.6615,hipotesis_transferencia
Acinetobacter baumannii,B_transferencia_entre_patogenos,CHEMBL6273,XBJBPGROQZJDOJ-UHFFFAOYSA-N,FLEROXACIN,CN1CCN(c2c(F)cc3c(=O)c(C(=O)O)cn(CCF)c3c2F)CC1,sin_medida,False,,,False,False,Klebsiella pneumoniae,7.076068178603059,,5.633,hipotesis_transferencia
Acinetobacter baumannii,B_transferencia_entre_patogenos,CHEMBL170052,DXKRGNXUIRKXNR-UHFFFAOYSA-N,IBAFLOXACIN,Cc1c(F)cc2c(=O)c(C(=O)O)cn3c2c1CCC3C,sin_medida,False,,,True,False,Klebsiella pneumoniae,6.138743086299696,,5.6249,hipotesis_transferencia
Acinetobacter baumannii,B_transferencia_entre_patogenos,CHEMBL1090618,IFMUKIJQHMHUEU-UGTYUTJWSA-N,L-LYSYL DAB9 POLYMYXIN B,CCCCCCCC(=O)N[C@@H](CCN)C(=O)N[C@H](C(=O)N[C@@H](CCN)C(=O)N[C@H]1CCNC(=O)[C@H]([C@@H](C)O)NC(=O)[C@H](CCNC(=O)C(N)CCCN)NC(=O)[C@H](CCN)NC(=O)[C@H](CC(C)C)NC(=O)[C@@H](Cc2ccccc2)NC(=O)[C@H](CCN)NC1=O)[C@@H](C)O,sin_medida,False,,,False,False,Klebsiella pneumoniae,5.667992983401953,,5.5761,hipotesis_transferencia
Acinetobacter baumannii,B_transferencia_entre_patogenos,CHEMBL1090613,CXQPYVRIDFHHEY-BMDFICIHSA-N,CHLOROACETYL DAB9 POLYMYXIN B,CCCCCCCC(=O)N[C@@H](CCN)C(=O)N[C@H](C(=O)N[C@@H](CCN)C(=O)N[C@H]1CCNC(=O)[C@H]([C@@H](C)O)NC(=O)[C@H](CCNC(=O)CCl)NC(=O)[C@H](CCN)NC(=O)[C@H](CC(C)C)NC(=O)[C@@H](Cc2ccccc2)NC(=O)[C@H](CCN)NC1=O)[C@@H](C)O,sin_medida,False,,,True,False,Klebsiella pneumoniae,5.124694320053533,,5.5525,hipotesis_transferencia
Acinetobacter baumannii,B_transferencia_entre_patogenos,CHEMBL7265,QEYBPFUVEMVIQD-WUHRBBMRSA-N,DQ-113,Cc1c(N2C[C@@H](F)[C@@H](C3(N)CC3)C2)c(F)c(N)c2c(=O)c(C(=O)O)cn([C@@H]3C[C@@H]3F)c12,sin_medida,False,,,False,False,Klebsiella pneumoniae,7.525975224250172,,5.5458,hipotesis_transferencia
Acinetobacter baumannii,B_transferencia_entre_patogenos,CHEMBL542414,JFMGBGLSDVIOHL-UHFFFAOYSA-N,DIFLOXACIN HYDROCHLORIDE,CN1CCN(c2cc3c(cc2F)c(=O)c(C(=O)O)cn3-c2ccc(F)cc2)CC1.Cl,sin_medida,False,,,False,False,Klebsiella pneumoniae,6.639345021697088,,5.544,hipotesis_transferencia
Acinetobacter baumannii,B_transferencia_entre_patogenos,CHEMBL826,IDYZIJYBMGIQMJ-UHFFFAOYSA-N,ENOXACIN,CCn1cc(C(=O)O)c(=O)c2cc(F)c(N3CCNCC3)nc21,sin_medida,False,,,False,False,Klebsiella pneumoniae,6.514363403330634,,5.5413,hipotesis_transferencia
Acinetobacter baumannii,B_transferencia_entre_patogenos,CHEMBL1090614,RNCUYYIYUGGFPC-JPWJZHLFSA-N,L-ALPHA-NH2-OCTANOYL DAB9 POLYMYXIN B,CCCCCCCC(=O)N[C@@H](CCN)C(=O)N[C@H](C(=O)N[C@@H](CCN)C(=O)N[C@H]1CCNC(=O)[C@H]([C@@H](C)O)NC(=O)[C@H](CCNC(N)CCCCCCC)NC(=O)[C@H](CCN)NC(=O)[C@H](CC(C)C)NC(=O)[C@@H](Cc2ccccc2)NC(=O)[C@H](CCN)NC1=O)[C@@H](C)O,sin_medida,False,,,False,False,Klebsiella pneumoniae,6.370524963814027,,5.5344,hipotesis_transferencia
Acinetobacter baumannii,B_transferencia_entre_patogenos,CHEMBL966,WKRSSAPQZDHYRV-UHFFFAOYSA-N,DESMETHYL-OFLOXACIN,CC1COc2c(N3CCNCC3)c(F)cc3c(=O)c(C(=O)O)cn1c23,sin_medida,False,,,False,False,Klebsiella pneumoniae,6.5407623019496,,5.5173,hipotesis_transferencia
Acinetobacter baumannii,B_transferencia_entre_patogenos,CHEMBL273348,WUWFMDMBOJLQIV-UHFFFAOYSA-N,TOSUFLOXACIN,NC1CCN(c2nc3c(cc2F)c(=O)c(C(=O)O)cn3-c2ccc(F)cc2F)C1,sin_medida,False,,,False,False,Klebsiella pneumoniae,7.6067552993296275,,5.4842,hipotesis_transferencia
Acinetobacter baumannii,B_transferencia_entre_patogenos,CHEMBL561,ZEKZLJVOYLTDKK-UHFFFAOYSA-N,LOMEFLOXACIN,CCn1cc(C(=O)O)c(=O)c2cc(F)c(N3CCNC(C)C3)c(F)c21,sin_medida,False,,,False,False,Klebsiella pneumoniae,6.554517590385904,,5.4619,hipotesis_transferencia
Acinetobacter baumannii,B_transferencia_entre_patogenos,CHEMBL1090615,YNHXDUZNKIBQEU-RUDZPDEXSA-N,DICHLOROACETYL DAB9 POLYMYXIN B,CCCCCCCC(=O)N[C@@H](CCN)C(=O)N[C@H](C(=O)N[C@@H](CCN)C(=O)N[C@H]1CCNC(=O)[C@H]([C@@H](C)O)NC(=O)[C@H](CCNC(=O)C(Cl)Cl)NC(=O)[C@H](CCN)NC(=O)[C@H](CC(C)C)NC(=O)[C@@H](Cc2ccccc2)NC(=O)[C@H](CCN)NC1=O)[C@@H](C)O,sin_medida,False,,,False,False,Klebsiella pneumoniae,6.200262774470326,,5.4483,hipotesis_transferencia
Acinetobacter baumannii,B_transferencia_entre_patogenos,CHEMBL1090616,ANGADYTZZJBMLL-OWAFBYBWSA-N,GAMMA-CBZ-L-LYSYL DAB9 POLYMYXIN B,CCCCCCCC(=O)N[C@@H](CCN)C(=O)N[C@H](C(=O)N[C@@H](CCN)C(=O)N[C@H]1CCNC(=O)[C@H]([C@@H](C)O)NC(=O)[C@H](CCNC(=O)CNCCCCNC(=O)OCc2ccccc2)NC(=O)[C@H](CCN)NC(=O)[C@H](CC(C)C)NC(=O)[C@@H](Cc2ccccc2)NC(=O)[C@H](CCN)NC1=O)[C@@H](C)O,sin_medida,False,,,False,False,Klebsiella pneumoniae,6.513541097349502,,5.4322,hipotesis_transferencia
Acinetobacter baumannii,B_transferencia_entre_patogenos,CHEMBL295619,NJCJBUHJQLFDSW-UHFFFAOYSA-N,RUFLOXACIN,CN1CCN(c2c(F)cc3c(=O)c(C(=O)O)cn4c3c2SCC4)CC1,sin_medida,False,,,False,False,Klebsiella pneumoniae,6.481220407814956,,5.4218,hipotesis_transferencia
Acinetobacter baumannii,B_transferencia_entre_patogenos,CHEMBL277100,QKDHBVNJCZBTMR-UHFFFAOYSA-N,TEMAFLOXACIN,CC1CN(c2cc3c(cc2F)c(=O)c(C(=O)O)cn3-c2ccc(F)cc2F)CCN1,sin_medida,False,,,False,False,Klebsiella pneumoniae,6.921568914001019,,5.3589,hipotesis_transferencia
Acinetobacter baumannii,B_transferencia_entre_patogenos,CHEMBL1010,AZZMGZXNTDTSME-JUZDKLSSSA-M,CEFOTAXIME SODIUM,CO/N=C(\C(=O)N[C@@H]1C(=O)N2C(C(=O)[O-])=C(COC(C)=O)CS[C@H]12)c1csc(N)n1.[Na+],sin_medida,False,,,False,False,Klebsiella pneumoniae,6.90078210493367,,5.3392,hipotesis_transferencia
Acinetobacter baumannii,B_transferencia_entre_patogenos,CHEMBL428,WVPSKSLAZQPAKQ-CDMJZVDBSA-N,TROVAFLOXACIN,N[C@@H]1[C@H]2CN(c3nc4c(cc3F)c(=O)c(C(=O)O)cn4-c3ccc(F)cc3F)C[C@@H]12,sin_medida,False,,,False,False,Klebsiella pneumoniae,7.221527948116424,,5.3094,hipotesis_transferencia
Acinetobacter baumannii,B_transferencia_entre_patogenos,CHEMBL30116,JOHZPMXAZQZXHR-UHFFFAOYSA-N,PIPEMIDIC ACID,CCn1cc(C(=O)O)c(=O)c2cnc(N3CCNCC3)nc21,sin_medida,False,,,False,False,Klebsiella pneumoniae,5.589809308220577,,5.2798,hipotesis_transferencia
Acinetobacter baumannii,B_transferencia_entre_patogenos,CHEMBL52115,FIHDNOVOCKTMNW-UHFFFAOYSA-N,CIPROFOLXACIN,O=C(O)c1cn(C2CC2)c2cc(N3CCC(NN4CCNCC4)C3)c(F)cc2c1=O,sin_medida,False,,,False,False,Klebsiella pneumoniae,6.919568620339589,,5.2541,hipotesis_transferencia
Acinetobacter baumannii,B_transferencia_entre_patogenos,CHEMBL37858,XBHBWNFJWIASRO-UHFFFAOYSA-N,SARAFLOXACIN,O=C(O)c1cn(-c2ccc(F)cc2)c2cc(N3CCNCC3)c(F)cc2c1=O,sin_medida,False,,,True,False,Klebsiella pneumoniae,7.2848479073342975,,5.2175,hipotesis_transferencia
Acinetobacter baumannii,A_coleccion_clinica,CO-ADD:0164673,JNTOCHDNEULJHD-UHFFFAOYSA-N,Penciclovir,Nc1nc(O)c2ncn(CCC(CO)CO)c2n1,solo_cribado,False,16.28,,False,False,,,,5.2162,desacuerdo_modelo_experimento
Acinetobacter baumannii,B_transferencia_entre_patogenos,CHEMBL6231,RUXPNBWPIRDVTH-UHFFFAOYSA-N,AMIFLOXACIN,CNn1cc(C(=O)O)c(=O)c2cc(F)c(N3CCN(C)CC3)cc21,sin_medida,False,,,False,False,Klebsiella pneumoniae,6.22317263079173,,5.2159,hipotesis_transferencia
Acinetobacter baumannii,A_coleccion_clinica,CO-ADD:0164694,RJURFGZVJUQBHK-IIXSONLDSA-N,Dactinomycin,CC(C)[C@H]1NC(=O)[C@@H](NC(=O)c2ccc(C)c3oc4c(C)c(=O)c(N)c(C(=O)N[C@H]5[C@@H](C)OC(=O)[C@H](C(C)C)N(C)C(=O)CN(C)C(=O)[C@@H]6CCCN6C(=O)[C@H](NC5=O)C(C)C)c4nc23)[C@@H](C)OC(=O)[C@H](C(C)C)N(C)C(=O)CN(C)C(=O)[C@@H]2CCCN2C1=O,mic_confirmado,False,-5.64,,True,False,,,,5.1573,desacuerdo_modelo_experimento
Acinetobacter baumannii,B_transferencia_entre_patogenos,CHEMBL1631107,YWKJNRNSJKEFMK-PQFQYKRASA-N,CEFQUINOME,CO/N=C(\C(=O)N[C@@H]1C(=O)N2C(C(=O)[O-])=C(C[n+]3cccc4c3CCCC4)CS[C@H]12)c1csc(N)n1,sin_medida,False,,,True,False,Klebsiella pneumoniae,7.246019049377861,,5.1231,hipotesis_transferencia
Acinetobacter baumannii,B_transferencia_entre_patogenos,CHEMBL428032,XEQLFNPSYWZPOW-SVRMBHBBSA-N,BUTIROSIN A,NCC[C@H](O)C(=O)N[C@@H]1C[C@H](N)[C@@H](O[C@H]2O[C@H](CN)[C@@H](O)[C@H](O)[C@H]2N)[C@H](O[C@@H]2O[C@H](CO)[C@H](O)[C@H]2O)[C@H]1O,sin_medida,False,,,False,False,Klebsiella pneumoniae,5.744748166822045,,5.1109,hipotesis_transferencia
Acinetobacter baumannii,A_coleccion_clinica,CO-ADD:0164408,AYAPZOUDXCDGIF-FRFVDRIFSA-M,Nafcillin sodium,CCOc1ccc2ccccc2c1C(=O)N[C@H]1[C@H]2SC(C)(C)[C@@H](N2C1=O)C([O-])=O.[Na+],mic_confirmado,False,12.87,,False,True,,,,5.1043,desacuerdo_modelo_experimento
Acinetobacter baumannii,B_transferencia_entre_patogenos,CHEMBL1202,DIOIOSKKIYDRIQ-UHFFFAOYSA-N,CIPROFLOXACIN HYDROCHLORIDE,Cl.O=C(O)c1cn(C2CC2)c2cc(N3CCNCC3)c(F)cc2c1=O,sin_medida,False,,,False,False,Klebsiella pneumoniae,6.866651166781566,,5.0934,hipotesis_transferencia
Acinetobacter baumannii,B_transferencia_entre_patogenos,CHEMBL501122,ZCCUWMICIWSJIX-NQJJCJBVSA-N,CEFTAROLINE FOSAMIL,CCO/N=C(\C(=O)N[C@@H]1C(=O)N2C(C(=O)[O-])=C(Sc3nc(-c4cc[n+](C)cc4)cs3)CS[C@H]12)c1nsc(NP(=O)(O)O)n1,sin_medida,False,,,False,False,Klebsiella pneumoniae,7.358379073147656,,5.0912,hipotesis_transferencia
Acinetobacter baumannii,A_coleccion_clinica,CO-ADD:0164842,IRSCQMHQWWYFCW-UHFFFAOYSA-N,Ganciclovir,Nc1nc(O)c2ncn(COC(CO)CO)c2n1,solo_cribado,False,9.56,,False,False,,,,5.0847,desacuerdo_modelo_experimento
Acinetobacter baumannii,B_transferencia_entre_patogenos,CHEMBL4206129,FWTGYTRQUBRVDW-NRABZWKMSA-N,ANCREMONAM,Nc1nc(/C(=N/OC2(C(=O)O)CC2)C(=O)N[C@@H]2C(=O)N(S(=O)(=O)O)[C@@H]2CN2CCOC2=O)cs1,sin_medida,False,,,False,False,Klebsiella pneumoniae,5.714737034196936,,5.0746,hipotesis_transferencia
Acinetobacter baumannii,A_coleccion_clinica,CO-ADD:0165025,MKUXAQIIEYXACX-UHFFFAOYSA-N,Acyclovir,Nc1nc(O)c2ncn(COCCO)c2n1,solo_cribado,False,9.14,,False,False,,,,5.0716,desacuerdo_modelo_experimento
Acinetobacter baumannii,B_transferencia_entre_patogenos,CHEMBL542157,KNWODGJQLCISLC-UHFFFAOYSA-N,SARAFLOXACIN HYDROCHLORIDE,Cl.O=C(O)c1cn(-c2ccc(F)cc2)c2cc(N3CCNCC3)c(F)cc2c1=O,sin_medida,False,,,False,False,Klebsiella pneumoniae,7.324108496842924,,5.0432,hipotesis_transferencia
Acinetobacter baumannii,A_coleccion_clinica,CO-ADD:0164454,AZZMGZXNTDTSME-UHFFFAOYSA-M,Cefotaxime sodium,CON=C(C(=O)NC1C2SCC(COC(C)=O)=C(N2C1=O)C([O-])=O)c1csc(N)n1.[Na+],mic_confirmado,False,50.75,,True,False,,,,5.0426,desacuerdo_modelo_experimento
Acinetobacter baumannii,B_transferencia_entre_patogenos,CHEMBL431753,ICSAXRANXQSPQP-VUKDEKJYSA-M,FAROPENEM SODIUM,C[C@@H](O)[C@H]1C(=O)N2C(C(=O)[O-])=C([C@H]3CCCO3)S[C@H]12.[Na+],sin_medida,False,,,False,False,Klebsiella pneumoniae,6.186536804348616,,5.039,hipotesis_transferencia
Acinetobacter baumannii,B_transferencia_entre_patogenos,CHEMBL316157,CZTQZXZIADLWOZ-CRAIPNDOSA-N,CEPHALORIDINE,O=C(Cc1cccs1)N[C@@H]1C(=O)N2C(C(=O)[O-])=C(C[n+]3ccccc3)CS[C@H]12,sin_medida,False,,,False,False,Klebsiella pneumoniae,6.220626838494327,,5.0353,hipotesis_transferencia
Acinetobacter baumannii,B_transferencia_entre_patogenos,CHEMBL1200357,GRIXGZQULWMCLU-HUTAOCTPSA-L,MOXALACTAM DISODIUM,CO[C@@]1(NC(=O)C(C(=O)[O-])c2ccc(O)cc2)C(=O)N2C(C(=O)[O-])=C(CSc3nnnn3C)CO[C@@H]21.[Na+].[Na+],sin_medida,False,,,False,False,Klebsiella pneumoniae,7.0526508565442825,,5.0254,hipotesis_transferencia
Acinetobacter baumannii,B_transferencia_entre_patogenos,CHEMBL1275802,KGZGFSNZWHMDGZ-KAYYGGFYSA-N,PEXIGANAN,CC[C@H](C)[C@H](NC(=O)CN)C(=O)NCC(=O)N[C@@H](CCCCN)C(=O)N[C@@H](Cc1ccccc1)C(=O)N[C@@H](CC(C)C)C(=O)N[C@@H](CCCCN)C(=O)N[C@@H](CCCCN)C(=O)N[C@@H](C)C(=O)N[C@@H](CCCCN)C(=O)N[C@@H](CCCCN)C(=O)N[C@@H](Cc1ccccc1)C(=O)NCC(=O)N[C@@H](CCCCN)C(=O)N[C@@H](C)C(=O)N[C@@H](Cc1ccccc1)C(=O)N[C@H](C(=O)N[C@@H](CCCCN)C(=O)N[C@H](C(=O)N[C@@H](CC(C)C)C(=O)N[C@@H](CCCCN)C(=O)N[C@@H](CCCCN)C(N)=O)[C@@H](C)CC)C(C)C,sin_medida,False,,,False,False,Klebsiella pneumoniae,5.4908752919255495,,5.0148,hipotesis_transferencia
Acinetobacter baumannii,A_coleccion_clinica,CO-ADD:0164429,KLOHDWPABZXLGI-UHFFFAOYSA-M,Ampicillin sodium,CC1(C)SC2C(NC(=O)C(N)c3ccccc3)C(=O)N2C1C([O-])=O.[Na+],mic_confirmado,False,6.75,,False,True,,,,5.0051,desacuerdo_modelo_experimento
Acinetobacter baumannii,B_transferencia_entre_patogenos,CHEMBL446565,DKKLHNXVRAMXCI-IIZLOWFNSA-N,ESPERAMICIN P,C=C(OC)C(=O)Nc1cc(OC)c(OC)cc1C(=O)O[C@H]1C[C@H](O[C@@H]2C(=O)C(NC(=O)OC)=C3/C(=C\CSSSSC)[C@]2(O)C#C/C=C\C#C[C@@H]3O[C@@H]2O[C@H](C)[C@@H](NO[C@H]3C[C@H](O)[C@H](SC)[C@@H](C)O3)[C@H](O)[C@H]2O[C@H]2C[C@H](OC)[C@@H](NC(C)C)CO2)O[C@@H](C)[C@H]1O,sin_medida,False,,,False,False,Klebsiella pneumoniae,6.132781426164735,,5.0041,hipotesis_transferencia
Acinetobacter baumannii,A_coleccion_clinica,CO-ADD:0164375,RMRYVILDUDPDHN-LVFHOJSVSA-N,GR 79236,OC[C@H]1O[C@H]([C@@H](O)C1O)n1cnc2c(N[C@H]3CCC[C@@H]3O)ncnc12.O.Cl,solo_cribado,False,12.03,,False,False,,,,4.9896,concordancia_negativa
Acinetobacter baumannii,B_transferencia_entre_patogenos,CHEMBL68262,RZLHGQLYNZQZQQ-UHFFFAOYSA-N,IRLOXACIN,CCn1cc(C(=O)O)c(=O)c2cc(F)c(-n3cccc3)cc21,sin_medida,False,,,False,False,Klebsiella pneumoniae,6.176509428020853,,4.9751,hipotesis_transferencia
Acinetobacter baumannii,B_transferencia_entre_patogenos,CHEMBL3184791,QTENRWWVYAAPBI-YCRXJPFRSA-N,STREPTOMYCIN SULFATE,CN[C@@H]1[C@H](O[C@H]2[C@H](O[C@H]3[C@H](O)[C@@H](O)[C@H](N=C(N)N)[C@@H](O)[C@@H]3N=C(N)N)O[C@@H](C)[C@]2(O)C=O)O[C@@H](CO)[C@H](O)[C@H]1O.CN[C@@H]1[C@H](O[C@H]2[C@H](O[C@H]3[C@H](O)[C@@H](O)[C@H](N=C(N)N)[C@@H](O)[C@@H]3N=C(N)N)O[C@@H](C)[C@]2(O)C=O)O[C@@H](CO)[C@H](O)[C@H]1O.O=S(=O)(O)O.O=S(=O)(O)O.O=S(=O)(O)O,sin_medida,False,,,False,False,Klebsiella pneumoniae,5.970453272855456,,4.936,hipotesis_transferencia
Acinetobacter baumannii,A_coleccion_clinica,CO-ADD:0164556,KBXPPBVZVGWZSS-HJXOARFJSA-N,CCPA,OC[C@H]1O[C@H]([C@@H](O)C1O)n1cnc2c(NC3CCCC3)nc(Cl)nc12.O,solo_cribado,False,10.94,,False,False,,,,4.9323,concordancia_negativa
Acinetobacter baumannii,A_coleccion_clinica,CO-ADD:0164785,JQXXHWHPUNPDRT-ZNQWNCHJSA-N,Rifampicin,CO[C@H]1\C=C\O[C@@]2(C)Oc3c(C2=O)c2c(O)c(C=NN4CCN(C)CC4)c(NC(=O)\C(C)=C/C=C/[C@H](C)[C@H](O)[C@@H](C)[C@@H](O)[C@@H](C)[C@H](OC(C)=O)[C@@H]1C)c(O)c2c(O)c3C,mic_confirmado,True,97.34,5.6020599913279625,False,True,,,,4.9296,recuperacion
Acinetobacter baumannii,A_coleccion_clinica,CO-ADD:0164864,KXNPVXPOPUZYGB-IOVMHBDKSA-N,Argatroban,C[C@@H]1CCN([C@H](C1)C(O)=O)C(=O)[C@H](CCCN=C(N)N)NS(=O)(=O)c1cccc2CC(C)CNc12,solo_cribado,False,9.28,,False,False,,,,4.926,concordancia_negativa
Acinetobacter baumannii,A_coleccion_clinica,CO-ADD:0164438,GBBSUAFBMRNDJC-INIZCTEOSA-N,Eszopiclone,CN1CCN(CC1)C(=O)O[C@@H]1N(C(=O)c2nccnc12)c1ccc(Cl)cn1,solo_cribado,False,5.48,,False,False,,,,4.921,concordancia_negativa
Acinetobacter baumannii,A_coleccion_clinica,CO-ADD:0164434,WCMIIGXFCMNQDS-IDYPWDAWSA-M,Piperacillin sodium,CCN1CCN(C(=O)N[C@@H](C(=O)N[C@H]2[C@H]3SC(C)(C)[C@@H](N3C2=O)C([O-])=O)c2ccccc2)C(=O)C1=O.[Na+],mic_confirmado,False,36.33,,False,True,,,,4.9152,concordancia_negativa
Acinetobacter baumannii,A_coleccion_clinica,CO-ADD:0164883,KTYRLAUBOMIPDT-UHFFFAOYSA-N,"L-694,247",CS(=O)(=O)Nc1ccc(Cc2noc(n2)-c2ccc3[nH]cc(CCN)c3c2)cc1.O.O,solo_cribado,False,20.72,,False,False,,,,4.904,concordancia_negativa
Acinetobacter baumannii,B_transferencia_entre_patogenos,CHEMBL1446,OOYGSFOGFJDDHP-KMCOLRRFSA-N,KANAMYCIN SULFATE,NC[C@H]1O[C@H](O[C@H]2[C@H](O)[C@@H](O[C@H]3O[C@H](CO)[C@@H](O)[C@H](N)[C@H]3O)[C@H](N)C[C@@H]2N)[C@H](O)[C@@H](O)[C@@H]1O.O=S(=O)(O)O,sin_medida,False,,,True,False,Klebsiella pneumoniae,5.765357062129207,,4.8961,hipotesis_transferencia
Acinetobacter baumannii,B_transferencia_entre_patogenos,CHEMBL516670,WTMKTMCADOSNBQ-YRNXTDPVSA-N,CYANOCYCLINE D,COC1=C(C)C(=O)C2=C(C1=O)[C@@H](CO)N1[C@H]3[C@@H]4[C@@H](C[C@H]([C@H]1C#N)N4C)[C@H](C#N)N(CCO)[C@@H]23,sin_medida,False,,,False,False,Klebsiella pneumoniae,6.559666320736546,,4.895,hipotesis_transferencia
Acinetobacter baumannii,A_coleccion_clinica,CO-ADD:0164602,GSDSWSVVBLHKDQ-JTQLQIEISA-N,Levofloxacin,C[C@H]1COc2c(N3CCN(C)CC3)c(F)cc3c2n1cc(C(O)=O)c3=O,mic_confirmado,True,99.05,6.204119982655925,False,True,,,,4.8879,recuperacion
Acinetobacter baumannii,A_coleccion_clinica,CO-ADD:0164656,YYBNDIVPHIWTPK-MWVHCQAOSA-N,Physostigmine hemisulfate,CNC(=O)Oc1ccc2N(C)C3N(C)CC[C@@]3(C)c2c1.CNC(=O)Oc1ccc2N(C)C3N(C)CC[C@@]3(C)c2c1.OS(=O)(=O)O,solo_cribado,False,12.54,,False,False,,,,4.8867,concordancia_negativa
Acinetobacter baumannii,A_coleccion_clinica,CO-ADD:0164650,HQQSBEDKMRHYME-UHFFFAOYSA-N,Pefloxacin mesylate,CCn1cc(C(=O)O)c(=O)c2cc(F)c(cc12)N3CCN(C)CC3.CS(=O)(=O)O,mic_confirmado,True,100.75,5.903089986991944,True,False,,,,4.8728,recuperacion
Acinetobacter baumannii,A_coleccion_clinica,CO-ADD:0165032,WTJXVDPDEQKTCV-VQAITOIOSA-N,Minocycline hydrochloride,CN(C)[C@H]1[C@@H]2C[C@@H]3Cc4c(ccc(O)c4C(O)=C3C(=O)[C@]2(O)C(O)=C(C(N)=O)C1=O)N(C)C.Cl,mic_confirmado,True,95.12,6.505149978319906,False,True,,,,4.8713,recuperacion
Acinetobacter baumannii,A_coleccion_clinica,CO-ADD:0164589,VUCAHVBMSFIGAI-ZFINNJDLSA-M,Estrone 3-sulfate sodium salt,C[C@]12CC[C@H]3[C@@H](CCc4cc(OS([O-])(=O)=O)ccc34)[C@@H]1CCC2=O.[Na+],solo_cribado,False,7.52,,False,False,,,,4.8709,concordancia_negativa
Acinetobacter baumannii,A_coleccion_clinica,CO-ADD:0164993,WDZCUPBHRAEYDL-LYDPARFQSA-N,Rifapentine,CO[C@H]1\C=C\O[C@@]2(C)Oc3c(C2=O)c2c(O)c(C=NN4CCN(CC4)C4CCCC4)c(NC(=O)\C(C)=C/C=C/[C@H](C)[C@H](O)[C@@H](C)[C@@H](O)[C@@H](C)[C@H](OC(C)=O)[C@@H]1C)c(O)c2c(O)c3C,mic_confirmado,True,97.76,5.0,False,True,,,,4.8664,recuperacion
Acinetobacter baumannii,A_coleccion_clinica,CO-ADD:0164827,FLKYBGKDCCEQQM-UHFFFAOYSA-M,Cefazolin sodium,Cc1nnc(SCC2=C(N3C(SC2)C(NC(=O)Cn2cnnn2)C3=O)C([O-])=O)s1.[Na+],mic_confirmado,False,11.99,,True,False,,,,4.8655,concordancia_negativa
Acinetobacter baumannii,A_coleccion_clinica,CO-ADD:0164517,GXOMMGAFBINOJY-SLINCCQESA-M,Dicloxacillin sodium,Cc1onc(c1C(=O)N[C@H]1[C@H]2SC(C)(C)[C@@H](N2C1=O)C([O-])=O)-c1c(Cl)cccc1Cl.[Na+],mic_confirmado,False,22.33,,True,False,,,,4.8619,concordancia_negativa
Acinetobacter baumannii,A_coleccion_clinica,CO-ADD:0164845,FKKAEMQFOIDZNY-CODXZCKSSA-M,Prednisolone sodium succinate,C[C@]12C[C@H](O)[C@H]3[C@@H](CCC4=CC(=O)C=C[C@]34C)[C@@H]1CC[C@]2(O)C(=O)COC(=O)CCC([O-])=O.[Na+],solo_cribado,False,4.81,,False,False,,,,4.8587,concordancia_negativa
Acinetobacter baumannii,A_coleccion_clinica,CO-ADD:0164876,NZCRJKRKKOLAOJ-IIBMFGDOSA-N,Rifaximin,CO[C@H]1C=CO[C@@]2(C)Oc3c(C2=O)c2c4nc5cc(C)ccn5c4c(NC(=O)C(C)=CC=C[C@H](C)[C@H](O)[C@@H](C)[C@@H](O)[C@@H](C)[C@H](OC(C)=O)[C@@H]1C)c(O)c2c(O)c3C,mic_confirmado,True,92.5,5.6020599913279625,False,True,,,,4.8563,recuperacion
Acinetobacter baumannii,B_transferencia_entre_patogenos,CHEMBL278773,WKDDRNSBRWANNC-ATRFCDNQSA-N,THIENAMYCIN,C[C@@H](O)[C@H]1C(=O)N2C(C(=O)O)=C(SCCN)C[C@H]12,sin_medida,False,,,False,False,Klebsiella pneumoniae,6.134059111403063,,4.8562,hipotesis_transferencia
Acinetobacter baumannii,A_coleccion_clinica,CO-ADD:0164809,GNWUOVJNSFPWDD-XMZRARIVSA-M,Cefoxitin sodium,CO[C@]1(NC(=O)Cc2cccs2)[C@H]2SCC(COC(N)=O)=C(N2C1=O)C([O-])=O.[Na+],mic_confirmado,False,14.59,,True,False,,,,4.8525,concordancia_negativa
Acinetobacter baumannii,A_coleccion_clinica,CO-ADD:0164482,IWUCXVSUMQZMFG-UHFFFAOYSA-N,Ribavirin,NC(=O)c1ncn(n1)C1OC(CO)C(O)C1O,mic_confirmado,False,7.17,,False,True,,,,4.8522,concordancia_negativa
Acinetobacter baumannii,B_transferencia_entre_patogenos,CHEMBL556262,HGGAKXAHAYOLDJ-FHZUQPTBSA-N,FAROPENEM,C[C@@H](O)[C@H]1C(=O)N2C(C(=O)O)=C([C@H]3CCCO3)S[C@H]12,sin_medida,False,,,False,False,Klebsiella pneumoniae,5.563239134786725,,4.8142,hipotesis_transferencia
Acinetobacter baumannii,B_transferencia_entre_patogenos,CHEMBL43708,GSOSVVULSKVSLQ-JJVRHELESA-N,IMIPENEM,C[C@@H](O)[C@H]1C(=O)N2C(C(=O)O)=C(SCCNC=N)C[C@H]12.O,sin_medida,False,,,False,False,Klebsiella pneumoniae,6.404651753572755,,4.8034,hipotesis_transferencia
Acinetobacter baumannii,A_coleccion_clinica,CO-ADD:0165014,ASDOKGIIKXGMNB-UHFFFAOYSA-M,Hydroxyzine pamoate,OCCOCCN1CCN(CC1)C(c1ccccc1)c1ccc(Cl)cc1.OC(=O)c1cc2ccccc2c(Cc3c(O)c(cc4ccccc34)C(=O)[O-])c1O,solo_cribado,False,23.0,,False,False,,,,4.798,concordancia_negativa
Acinetobacter baumannii,B_transferencia_entre_patogenos,CHEMBL1201018,WKJGTOYAEQDNIA-IOOZKYRYSA-N,CEFACLOR,N[C@@H](C(=O)N[C@@H]1C(=O)N2C(C(=O)O)=C(Cl)CS[C@H]12)c1ccccc1.O,sin_medida,False,,,False,False,Klebsiella pneumoniae,5.586394867337526,,4.7929,hipotesis_transferencia
Acinetobacter baumannii,A_coleccion_clinica,CO-ADD:0164562,GUXHBMASAHGULD-UHFFFAOYSA-N,Demeclocycline,CN(C)C1C2CC3C(O)c4c(Cl)ccc(O)c4C(O)=C3C(=O)C2(O)C(O)=C(C(N)=O)C1=O,mic_confirmado,True,100.64,5.6020599913279625,True,False,,,,4.7926,recuperacion
Acinetobacter baumannii,A_coleccion_clinica,CO-ADD:0164431,AZFBLLCNOQPJGJ-VXTBVIBXSA-N,Rifabutin,CO[C@H]1\C=C\O[C@@]2(C)Oc3c(C2=O)c2c(c(O)c3C)c(O)c(NC(=O)\C(C)=C/C=C/[C@H](C)[C@H](O)[C@@H](C)[C@@H](O)[C@@H](C)[C@H](OC(C)=O)[C@@H]1C)c1=NC3(CCN(CC(C)C)CC3)N=c21,mic_confirmado,True,90.97,6.806041021980813,False,True,,,,4.7909,recuperacion
Acinetobacter baumannii,A_coleccion_clinica,CO-ADD:0164891,XAGMUUZPGZWTRP-ZETCQYMHSA-N,Pazufloxacin,C[C@H]1COc2c(c(F)cc3c2n1cc(C(O)=O)c3=O)C1(N)CC1,mic_confirmado,True,97.87,5.903089986991944,False,True,,,,4.7822,recuperacion
Acinetobacter baumannii,A_coleccion_clinica,CO-ADD:0164974,QXPBTTUOVWMPJN-QBNHLFMHSA-M,Cilastatin sodium,CC1(C)C[C@@H]1C(=O)N\C(=C/CCCCSC[C@H](N)C(O)=O)C([O-])=O.[Na+],solo_cribado,False,8.63,,False,False,,,,4.7788,concordancia_negativa
Acinetobacter baumannii,A_coleccion_clinica,CO-ADD:0164739,YNWDKZIIWCEDEE-UHFFFAOYSA-N,Pantoprazole sodium,COc1ccnc(CS(=O)c2nc3cc(OC(F)F)ccc3[n-]2)c1OC.[Na+],solo_cribado,False,43.3,,False,False,,,,4.7512,concordancia_negativa
Acinetobacter baumannii,A_coleccion_clinica,CO-ADD:0164678,IDIIJJHBXUESQI-DFIJPDEKSA-N,Moxifloxacin hydrochloride,COc1c(N2C[C@@H]3CCCN[C@@H]3C2)c(F)cc2c1n(cc(C(O)=O)c2=O)C1CC1.Cl,mic_confirmado,True,100.36,6.204119982655925,False,True,,,,4.7457,recuperacion
Acinetobacter baumannii,A_coleccion_clinica,CO-ADD:0164704,DFBIRQPKNDILPW-CIVMWXNOSA-N,Triptolide,CC(C)[C@]12O[C@H]1[C@@H]1O[C@]11[C@]3(O[C@H]3C[C@H]3C4=C(CC[C@]13C)C(=O)OC4)[C@@H]2O,solo_cribado,False,24.45,,False,False,,,,4.732,concordancia_negativa
Acinetobacter baumannii,A_coleccion_clinica,CO-ADD:0164646,NUBQKPWHXMGDLP-BDEHJDMKSA-N,Indinavir sulfate,CC(C)(C)NC(=O)[C@@H]1CN(Cc2cccnc2)CCN1C[C@@H](O)C[C@@H](Cc3ccccc3)C(=O)N[C@@H]4[C@H](O)Cc5ccccc45.OS(=O)(=O)O,solo_cribado,False,7.97,,False,False,,,,4.7247,concordancia_negativa
Acinetobacter baumannii,A_coleccion_clinica,CO-ADD:0164860,ABTNETSDXZBJTE-WLHGVMLRSA-N,GR 89696 fumarate,COC(=O)N1CCN(C(CN2CCCC2)C1)C(=O)Cc1ccc(Cl)c(Cl)c1.OC(=O)/C=C/C(=O)O,solo_cribado,False,8.98,,False,False,,,,4.7228,concordancia_negativa
Acinetobacter baumannii,A_coleccion_clinica,CO-ADD:0164676,NQHXCOAXSHGTIA-SKXNDZRYSA-N,Nelfinavir mesylate,Cc1c(O)cccc1C(=O)N[C@@H](CSc2ccccc2)[C@H](O)CN3C[C@H]4CCCC[C@H]4C[C@H]3C(=O)NC(C)(C)C.CS(=O)(=O)O,solo_cribado,False,9.77,,False,False,,,,4.7117,concordancia_negativa
Acinetobacter baumannii,B_transferencia_entre_patogenos,CHEMBL520550,KDWXMIJUXUSUMZ-NXUSUMRGSA-N,CYANOCYCLINE A,COC1=C(C)C(=O)C2=C(C1=O)[C@@H](CO)N1[C@H]3[C@H]4[C@@H](C[C@H]([C@H]1C#N)N4C)[C@@H]1OCCN1[C@@H]23,sin_medida,False,,,False,False,Klebsiella pneumoniae,6.532981528187893,,4.7101,hipotesis_transferencia
Acinetobacter baumannii,A_coleccion_clinica,CO-ADD:0164526,IRHXGOXEBNJUSN-YOXDLBRISA-N,Saquinavir mesylate,CC(C)(C)NC(=O)[C@@H]1C[C@@H]2CCCC[C@@H]2CN1C[C@@H](O)[C@H](Cc3ccccc3)NC(=O)[C@H](CC(=O)N)NC(=O)c4ccc5ccccc5n4.CS(=O)(=O)O,solo_cribado,False,16.83,,False,False,,,,4.7037,concordancia_negativa
Acinetobacter baumannii,A_coleccion_clinica,CO-ADD:0164512,BNYJLRQAWCQJOM-UHFFFAOYSA-N,Ru 24969 hemisuccinate,COc1ccc2[nH]cc(C3=CCNCC3)c2c1.COc1ccc2[nH]cc(C3=CCNCC3)c2c1.OC(=O)CCC(=O)O,solo_cribado,False,15.0,,False,False,,,,4.6998,concordancia_negativa
Acinetobacter baumannii,A_coleccion_clinica,CO-ADD:0164645,WMWTYOKRWGGJOA-CENSZEJFSA-N,Fluticasone propionate,CCC(=O)O[C@@]1([C@H](C)C[C@H]2[C@@H]3C[C@H](F)C4=CC(=O)C=C[C@]4(C)[C@@]3(F)[C@@H](O)C[C@]12C)C(=O)SCF,solo_cribado,False,5.17,,False,False,,,,4.6965,concordancia_negativa
Acinetobacter baumannii,A_coleccion_clinica,CO-ADD:0164995,XUBOMFCQGDBHNK-UHFFFAOYSA-N,Gatifloxacin,COc1c(N2CCNC(C)C2)c(F)cc2c1n(cc(C(O)=O)c2=O)C1CC1,mic_confirmado,True,99.1,6.204119982655925,True,False,,,,4.6912,recuperacion
Acinetobacter baumannii,A_coleccion_clinica,CO-ADD:0164779,OGPIIGMUPMPMNT-UHFFFAOYSA-M,Meclofenamic acid sodium salt,Cc1ccc(Cl)c(Nc2ccccc2C([O-])=O)c1Cl.[Na+],solo_cribado,False,15.76,,False,False,,,,4.6891,concordancia_negativa
Acinetobacter baumannii,B_transferencia_entre_patogenos,CHEMBL1770314,BKIVBOLDWRIFMA-UHFFFAOYSA-N,NEOCYCLOMORUSIN,CC1(C)C=Cc2c(cc(O)c3c(=O)c4c(oc23)-c2ccc(O)cc2OC(C(C)(C)O)C4)O1,sin_medida,False,,,False,False,Klebsiella pneumoniae,5.037884456999348,,4.6888,hipotesis_transferencia
Acinetobacter baumannii,B_transferencia_entre_patogenos,CHEMBL500480,SRGSUICLJQYQAF-KTHKBMNISA-N,CYCLOMONTANIN D,CC(C)C[C@@H]1NC(=O)CNC(=O)[C@@H]2CCCN2C(=O)[C@H](CC(N)=O)NC(=O)[C@H](C)NC(=O)[C@H](Cc2ccc(O)cc2)NC(=O)[C@@H]2CCCN2C1=O,sin_medida,False,,,False,False,Klebsiella pneumoniae,5.074819487032372,,4.6825,hipotesis_transferencia
Acinetobacter baumannii,A_coleccion_clinica,CO-ADD:0164901,DMJNNHOOLUXYBV-PQTSNVLCSA-N,Meropenem,C[C@@H](O)[C@@H]1[C@H]2[C@@H](C)C(S[C@@H]3CN[C@@H](C3)C(=O)N(C)C)=C(N2C1=O)C(O)=O,solo_cribado,False,8.16,,False,False,,,,4.6821,concordancia_negativa
Acinetobacter baumannii,B_transferencia_entre_patogenos,CHEMBL273931,CVVWWIGGJJALDG-CFLXSVEWSA-N,L-701677,CC[C@H]1OC(=O)[C@H](C)[C@@H](O[C@H]2C[C@@](C)(OC)[C@@H](O)[C@H](C)O2)[C@H](C)[C@@H](O[C@@H]2O[C@H](C)C[C@H](N(C)C)[C@H]2O)[C@](C)(O)C[C@@H](C)N(C)C[C@H](C)[C@@H](O)[C@]1(C)O,sin_medida,False,,,False,False,Klebsiella pneumoniae,5.874479498363597,,4.6789,hipotesis_transferencia
Acinetobacter baumannii,A_coleccion_clinica,CO-ADD:0164999,GSDSWSVVBLHKDQ-UHFFFAOYSA-N,Ofloxacin,CC1COc2c(N3CCN(C)CC3)c(F)cc3c2n1cc(C(O)=O)c3=O,mic_confirmado,True,99.03,5.903089986991944,True,False,,,,4.6773,recuperacion
Acinetobacter baumannii,A_coleccion_clinica,CO-ADD:0164440,XUIIKFGFIJCVMT-LBPRGKRZSA-N,L-Thyroxine,N[C@@H](Cc1cc(I)c(Oc2cc(I)c(O)c(I)c2)c(I)c1)C(O)=O,solo_cribado,False,-9.42,,False,False,,,,4.6763,concordancia_negativa
Acinetobacter baumannii,A_coleccion_clinica,CO-ADD:0164810,LXMSZDCAJNLERA-ZHYRCANASA-N,Spironolactone,CC(=O)S[C@@H]1CC2=CC(=O)CC[C@]2(C)[C@H]2CC[C@@]3(C)[C@@H](CC[C@@]33CCC(=O)O3)[C@H]12,solo_cribado,False,8.19,,False,False,,,,4.6759,concordancia_negativa
Acinetobacter baumannii,A_coleccion_clinica,CO-ADD:0164474,WNPLITIXMFABAF-IFLJXUKPSA-N,Oxytetracycline hydrochloride,CN(C)[C@H]1[C@@H]2[C@@H](O)[C@H]3C(=C(O)[C@]2(O)C(O)=C(C(N)=O)C1=O)C(=O)c1c(O)cccc1[C@@]3(C)O.Cl,mic_confirmado,True,91.46,5.0,False,True,,,,4.6679,recuperacion
Acinetobacter baumannii,A_coleccion_clinica,CO-ADD:0165009,VDUVBBMAXXHEQP-UHFFFAOYSA-M,Oxacillin sodium,Cc1onc(c1C(=O)NC1C2SC(C)(C)C(N2C1=O)C([O-])=O)-c1ccccc1.[Na+],mic_confirmado,False,18.98,,False,True,,,,4.663,concordancia_negativa
Acinetobacter baumannii,B_transferencia_entre_patogenos,CHEMBL15413,UHRBTBZOWWGKMK-DOMZBBRYSA-N,FLOMOXEF,CO[C@@]1(NC(=O)CSC(F)F)C(=O)N2C(C(=O)O)=C(CSc3nnnn3CCO)CO[C@@H]21,sin_medida,False,,,False,False,Klebsiella pneumoniae,6.695896509725272,,4.6603,hipotesis_transferencia
Acinetobacter baumannii,A_coleccion_clinica,CO-ADD:0164640,CSSQVOKOWWIUCX-UHFFFAOYSA-N,Tosufloxacin tosilate,NC1CCN(C1)c1nc2n(cc(C(O)=O)c(=O)c2cc1F)-c1ccc(F)cc1F.Cc1ccc(cc1)S(=O)(=O)O,mic_confirmado,True,95.49,6.505149978319906,False,True,,,,4.6588,recuperacion
Acinetobacter baumannii,B_transferencia_entre_patogenos,CHEMBL1276546,XUSXOPRDIDWMFO-URTZJOLISA-N,VERDAMICIN,CN[C@@H]1[C@@H](O)[C@@H](O[C@@H]2[C@@H](O)[C@H](O[C@@H]3OC(C(C)N)=CC[C@@H]3N)[C@@H](N)C[C@H]2N)OC[C@]1(C)O,sin_medida,False,,,False,False,Klebsiella pneumoniae,6.567318151671689,,4.6552,hipotesis_transferencia
Acinetobacter baumannii,A_coleccion_clinica,CO-ADD:0164978,MNULEGDCPYONBU-WMBHJXFZSA-N,Oligomycin A,CC[C@H]1CC[C@H]2O[C@@]3(CC[C@@H](C)[C@@H](C[C@H](C)O)O3)[C@H](C)[C@@H](OC(=O)\C=C\[C@@H](C)[C@H](O)[C@@H](C)C(=O)[C@@H](C)[C@H](O)[C@@H](C)C(=O)[C@@](C)(O)[C@H](O)[C@@H](C)C\C=C\C=C\1)[C@H]2C,solo_cribado,False,15.85,,False,False,,,,4.6549,concordancia_negativa
Acinetobacter baumannii,A_coleccion_clinica,CO-ADD:0164655,YLMAHDNUQAMNNX-UHFFFAOYSA-N,Imatinib mesylate,CN1CCN(Cc2ccc(cc2)C(=O)Nc3ccc(C)c(Nc4nccc(n4)c5cccnc5)c3)CC1.CS(=O)(=O)O,solo_cribado,False,14.33,,False,False,,,,4.6449,concordancia_negativa
Acinetobacter baumannii,A_coleccion_clinica,CO-ADD:0164559,YEHCEZXUSLIKDU-UKTGLLKZSA-N,Rolitetracycline,CN(C)[C@H]1C2CC3C(=C(O)[C@]2(O)C(O)=C(C(=O)NCN2CCCC2)C1=O)C(=O)c1c(O)cccc1[C@@]3(C)O,solo_cribado,False,20.32,,False,False,,,,4.6412,concordancia_negativa
Acinetobacter baumannii,A_coleccion_clinica,CO-ADD:0164994,ZRVUJXDFFKFLMG-UHFFFAOYSA-N,Meloxicam,CN1C(C(=O)Nc2ncc(C)s2)=C(O)c2ccccc2S1(=O)=O,solo_cribado,False,4.04,,False,False,,,,4.6403,concordancia_negativa
Acinetobacter baumannii,A_coleccion_clinica,CO-ADD:0164560,SDJQUPRVYCURBW-UHFFFAOYSA-N,Piroxicam,CN1C(C(=O)Nc2ccccn2)=C(O)c2ccccc2S1(=O)=O.O,solo_cribado,False,7.03,,False,False,,,,4.6302,concordancia_negativa
Acinetobacter baumannii,A_coleccion_clinica,CO-ADD:0164812,VXRDAMSNTXUHFX-UHFFFAOYSA-N,Zolpidem tartrate,CN(C)C(=O)Cc1c(nc2ccc(C)cn12)c3ccc(C)cc3.CN(C)C(=O)Cc1c(nc2ccc(C)cn12)c3ccc(C)cc3.OC(C(O)C(=O)O)C(=O)O,solo_cribado,False,0.42,,False,False,,,,4.6285,concordancia_negativa
Acinetobacter baumannii,B_transferencia_entre_patogenos,CHEMBL2105419,VUUPJGYIOAVFAN-UHFFFAOYSA-N,TIOXACIN,CCn1cc(C(=O)O)c(=O)c2c3sc(=O)n(C)c3ccc21,sin_medida,False,,,False,False,Klebsiella pneumoniae,6.182310489164875,,4.6255,hipotesis_transferencia
Acinetobacter baumannii,A_coleccion_clinica,CO-ADD:0164981,IKDXDQDKCZPQSZ-JBIQUPFSSA-N,Goserelin acetate,CC(C[C@@H](C(N[C@@H](C(N1CCC[C@@H]1C(NNC(N)=O)=O)=O)CCCNC(N)=N)=O)NC([C@H](NC([C@@H](NC([C@@H](NC([C@@H](NC([C@@H](NC([C@H]2CCC(N2)=O)=O)CC3=CNC=N3)=O)CC4=CNC5=C4C=CC=C5)=O)CO)=O)CC6=CC=C(C=C6)O)=O)COC(C)(C)C)=O)C.CC(O)=O,solo_cribado,False,12.98,,False,False,,,,4.6165,concordancia_negativa
Acinetobacter baumannii,B_transferencia_entre_patogenos,CHEMBL456090,UVAIYWZSCCGGSE-VNEJAINRSA-N,CYANOCYCLINE B,COC1=C(C)C(=O)C2=C(C1=O)[C@@H](CO)N1[C@H]3[C@H]4N[C@H](C[C@H]4[C@@H]4OCCN4[C@@H]23)[C@H]1C#N,sin_medida,False,,,True,False,Klebsiella pneumoniae,7.12400540223424,,4.6163,hipotesis_transferencia
Acinetobacter baumannii,B_transferencia_entre_patogenos,CHEMBL345937,SUXQDLLXIBLQHW-UHFFFAOYSA-N,ULIFLOXACIN,CC1Sc2c(C(=O)O)c(=O)c3cc(F)c(N4CCNCC4)cc3n21,sin_medida,False,,,True,False,Klebsiella pneumoniae,7.765155491324235,,4.6094,hipotesis_transferencia
Acinetobacter baumannii,A_coleccion_clinica,CO-ADD:0165034,YDUGFTMNXJLIFF-UHFFFAOYSA-N,Doxycycline,CC1C2C(O)C3C(N(C)C)C(=O)C(C(N)=O)=C(O)C3(O)C(O)=C2C(=O)c2c(O)cccc12,mic_confirmado,True,100.68,6.505149978319906,False,True,,,,4.6052,recuperacion
Acinetobacter baumannii,A_coleccion_clinica,CO-ADD:0164447,DMDGGSIALPNSEE-UHFFFAOYSA-N,Hydroflumethiazide,NS(=O)(=O)c1cc2c(NCNS2(=O)=O)cc1C(F)(F)F,solo_cribado,False,10.41,,False,False,,,,4.6046,concordancia_negativa
Acinetobacter baumannii,A_coleccion_clinica,CO-ADD:0164585,BWWVAEOLVKTZFQ-ISVUSNJMSA-N,Mecillinam,CC1(C)S[C@@H]2[C@H](\N=C\N3CCCCCC3)C(=O)N2[C@H]1C(O)=O,solo_cribado,False,20.19,,False,False,,,,4.6043,concordancia_negativa
Acinetobacter baumannii,A_coleccion_clinica,CO-ADD:0164386,LPQOADBMXVRBNX-UHFFFAOYSA-N,Rufloxacin hydrochloride,CN1CCN(CC1)c1c(F)cc2c3c1SCCn3cc(C(O)=O)c2=O.Cl,mic_confirmado,True,101.02,5.0,False,True,,,,4.6015,recuperacion
Acinetobacter baumannii,B_transferencia_entre_patogenos,CHEMBL1276545,QVRLHIRFLRXFIW-MLDHBKOMSA-N,VERTILMICIN,CCN[C@@H]1C[C@H](N)[C@@H](O[C@@H]2OC(C(C)N)=CC[C@@H]2N)[C@H](O)[C@H]1O[C@H]1OC[C@](C)(O)[C@H](NC)[C@H]1O,sin_medida,False,,,False,False,Klebsiella pneumoniae,6.59294381450326,,4.5974,hipotesis_transferencia
Acinetobacter baumannii,A_coleccion_clinica,CO-ADD:0165021,JZUFKLXOESDKRF-UHFFFAOYSA-N,Hydrochlorothiazide,NS(=O)(=O)c1cc2c(NCNS2(=O)=O)cc1Cl,solo_cribado,False,21.02,,False,False,,,,4.5941,concordancia_negativa
Acinetobacter baumannii,A_coleccion_clinica,CO-ADD:0164797,PSGRLCOSIXJUAL-YJPMVUORSA-N,Dolasetron mesylate,O=C(O[C@H]1C[C@H]2C[C@H]3C[C@@H](C1)N2CC3=O)c4c[nH]c5ccccc45.CS(=O)(=O)O,solo_cribado,False,3.12,,False,False,,,,4.5906,concordancia_negativa
Acinetobacter baumannii,A_coleccion_clinica,CO-ADD:0164930,BNPSSFBOAGDEEL-UHFFFAOYSA-N,Salbutamol sulfate,CC(C)(C)NCC(O)c1ccc(O)c(CO)c1.CC(C)(C)NCC(O)c1ccc(O)c(CO)c1.OS(=O)(=O)O,solo_cribado,False,17.29,,False,False,,,,4.5867,concordancia_negativa
Acinetobacter baumannii,A_coleccion_clinica,CO-ADD:0164936,RHGYHLPFVJEAOC-FFNUKLMVSA-L,Itavastatin calcium,O[C@H](C[C@H](O)\C=C\c1c(nc2ccccc2c1-c1ccc(F)cc1)C1CC1)CC([O-])=O.O[C@H](C[C@H](O)\C=C\c1c(nc2ccccc2c1-c1ccc(F)cc1)C1CC1)CC([O-])=O.[Ca+2],mic_confirmado,False,5.39,,True,False,,,,4.5866,concordancia_negativa
Acinetobacter baumannii,A_coleccion_clinica,CO-ADD:0164469,WJOHZNCJWYWUJD-IUGZLZTKSA-N,Fluocinolone acetonide 21-acetate,CC(=O)OCC(=O)[C@@]12OC(C)(C)O[C@@H]1C[C@H]1[C@@H]3C[C@H](F)C4=CC(=O)C=C[C@]4(C)[C@@]3(F)[C@@H](O)C[C@]21C,solo_cribado,False,6.76,,False,False,,,,4.5853,concordancia_negativa
Acinetobacter baumannii,A_coleccion_clinica,CO-ADD:0164902,CDBRNDSHEYLDJV-FVGYRXGTSA-M,Naproxen sodium,COc1ccc2cc(ccc2c1)[C@H](C)C([O-])=O.[Na+],solo_cribado,False,12.66,,False,False,,,,4.5826,concordancia_negativa
Acinetobacter baumannii,A_coleccion_clinica,CO-ADD:0164544,LTMHDMANZUZIPE-YUICGFAKSA-N,Digoxin,C[C@H]1O[C@H](C[C@H](O)[C@@H]1O)O[C@H]1[C@@H](O)C[C@H](O[C@H]2[C@@H](O)C[C@H](O[C@H]3CC[C@@]4(C)[C@H](CC[C@@H]5[C@@H]4C[C@@H](O)[C@]4(C)C(CC[C@]54O)C4=CC(=O)OC4)C3)O[C@@H]2C)O[C@@H]1C,solo_cribado,False,8.24,,False,False,,,,4.577,concordancia_negativa
Acinetobacter baumannii,A_coleccion_clinica,CO-ADD:0164420,XUFXOAAUWZOOIT-UGEKTDRHSA-N,Acarbose,C[C@H]1O[C@H](O[C@@H]2[C@@H](CO)O[C@H](O[C@@H]3[C@@H](CO)OC(O)[C@H](O)[C@H]3O)[C@H](O)[C@H]2O)[C@H](O)[C@@H](O)[C@@H]1N[C@H]1C=C(CO)[C@@H](O)[C@H](O)[C@H]1O,mic_confirmado,False,6.3,,False,True,,,,4.5757,concordancia_negativa
Acinetobacter baumannii,A_coleccion_clinica,CO-ADD:0164748,TZJALUIVHRYQQB-XLRXWWTNSA-N,Icariin,COc1ccc(cc1)-c1oc2c(CC=C(C)C)c(O[C@@H]3O[C@H](CO)[C@@H](O)[C@H](O)[C@H]3O)cc(O)c2c(=O)c1O[C@@H]1O[C@@H](C)[C@H](O)[C@@H](O)[C@H]1O,solo_cribado,False,18.03,,False,False,,,,4.5702,concordancia_negativa
Acinetobacter baumannii,A_coleccion_clinica,CO-ADD:0164509,QXDSXECEIXPAMK-LGSTXWLCSA-N,Spectinomycin,CN[C@@H]1[C@H](O)[C@H](NC)[C@H]2O[C@]3(O)[C@@H](O[C@H](C)CC3=O)O[C@@H]2[C@H]1O.O.Cl.Cl.Cl.O.O,solo_cribado,False,14.15,,False,False,,,,4.5518,concordancia_negativa
Acinetobacter baumannii,A_coleccion_clinica,CO-ADD:0164734,MFGBKMPKRJCLPK-UHFFFAOYSA-N,Altanserin hydrochloride,Fc1ccc(cc1)C(=O)C2CCN(CCn3c(=O)c4ccccc4[nH]c3=S)CC2.O.Cl,solo_cribado,False,-10.55,,False,False,,,,4.5514,concordancia_negativa
Acinetobacter baumannii,A_coleccion_clinica,CO-ADD:0164990,VHRSUDSXCMQTMA-PJHHCJLFSA-N,Methylprednisolone,C[C@H]1C[C@H]2[C@@H]3CC[C@](O)(C(=O)CO)[C@@]3(C)C[C@H](O)[C@@H]2[C@@]2(C)C=CC(=O)C=C12,solo_cribado,False,16.45,,False,False,,,,4.5514,concordancia_negativa
Acinetobacter baumannii,A_coleccion_clinica,CO-ADD:0164662,MWWSFMDVAYGXBV-FGBSZODSSA-N,Epirubicin hydrochloride,COc1cccc2C(=O)c3c(O)c4C[C@](O)(C[C@H](O[C@H]5C[C@H](N)[C@@H](O)[C@H](C)O5)c4c(O)c3C(=O)c12)C(=O)CO.Cl,mic_confirmado,False,19.8,,True,False,,,,4.5504,concordancia_negativa
Acinetobacter baumannii,B_transferencia_entre_patogenos,CHEMBL5314373,ALYUMNAHLSSTOU-CIRGZYLNSA-N,"CEFPROZIL, (E)-",C/C=C/C1=C(C(=O)O)N2C(=O)[C@@H](NC(=O)[C@H](N)c3ccc(O)cc3)[C@H]2SC1.O,sin_medida,False,,,False,False,Klebsiella pneumoniae,5.309042194702616,,4.5468,hipotesis_transferencia
Acinetobacter baumannii,A_coleccion_clinica,CO-ADD:0165029,OVBPIULPVIDEAO-LBPRGKRZSA-N,Folic acid,Nc1nc(O)c2nc(CNc3ccc(cc3)C(=O)N[C@@H](CCC(O)=O)C(O)=O)cnc2n1,solo_cribado,False,13.94,,False,False,,,,4.5456,concordancia_negativa
Acinetobacter baumannii,A_coleccion_clinica,CO-ADD:0164599,VJJPUSNTGOMMGY-MRVIYFEKSA-N,Etoposide,COc1cc(cc(OC)c1O)[C@H]1[C@@H]2[C@H](COC2=O)[C@H](O[C@@H]2O[C@@H]3CO[C@@H](C)O[C@H]3[C@H](O)[C@H]2O)c2cc3OCOc3cc12,solo_cribado,False,3.25,,False,False,,,,4.5432,concordancia_negativa
Acinetobacter baumannii,A_coleccion_clinica,CO-ADD:0164565,HTEVMLYDEWVIQE-SPIKMXEPSA-N,CGS 12066B dimaleate,CN1CCN(CC1)c1nc2cc(ccc2n2cccc12)C(F)(F)F.OC(=O)/C=C\C(=O)O.OC(=O)/C=C\C(=O)O,solo_cribado,False,7.34,,False,False,,,,4.5395,concordancia_negativa
Acinetobacter baumannii,B_transferencia_entre_patogenos,CHEMBL2106491,BXIBTMOWCBKWEX-JKPGXYSKSA-N,CETOCYCLINE HYDROCHLORIDE,CC(=O)C1=C(O)[C@H](N)[C@@H]2Cc3c(c(O)c4c(O)c(C)ccc4c3C)C(=O)[C@]2(O)C1=O.Cl,sin_medida,False,,,False,False,Klebsiella pneumoniae,5.159791248611041,,4.5385,hipotesis_transferencia
Acinetobacter baumannii,A_coleccion_clinica,CO-ADD:0164824,POZRVZJJTULAOH-LHZXLZLDSA-N,Danazol,C[C@]12CC[C@H]3[C@@H](CCC4=Cc5oncc5C[C@]34C)[C@@H]1CC[C@@]2(O)C#C,solo_cribado,False,3.85,,False,False,,,,4.5372,concordancia_negativa
Acinetobacter baumannii,A_coleccion_clinica,CO-ADD:0164862,HQPVVKXJNZEAFW-UHFFFAOYSA-M,Parecoxib sodium,CCC(=O)[N-]S(=O)(=O)c1ccc(cc1)-c1c(C)onc1-c1ccccc1.[Na+],solo_cribado,False,7.03,,False,False,,,,4.5351,concordancia_negativa
Acinetobacter baumannii,A_coleccion_clinica,CO-ADD:0164909,VEPSYABRBFXYIB-PWXDFCLTSA-M,Vecuronium bromide,CC(=O)O[C@H]1[C@H](C[C@H]2[C@@H]3CC[C@H]4C[C@H](OC(C)=O)[C@H](C[C@]4(C)[C@H]3CC[C@]12C)N1CCCCC1)[N+]1(C)CCCCC1.[Br-],solo_cribado,False,6.77,,False,False,,,,4.5299,concordancia_negativa
Acinetobacter baumannii,A_coleccion_clinica,CO-ADD:0164639,MWWSFMDVAYGXBV-RUELKSSGSA-N,Doxorubicin hydrochloride,COc1cccc2C(=O)c3c(O)c4C[C@](O)(C[C@H](O[C@H]5C[C@H](N)[C@H](O)[C@H](C)O5)c4c(O)c3C(=O)c12)C(=O)CO.Cl,mic_confirmado,False,34.53,,True,False,,,,4.5298,concordancia_negativa
Acinetobacter baumannii,A_coleccion_clinica,CO-ADD:0164690,VJKUPQSHOVKBCO-AHMKVGDJSA-N,Picrotin - Picrotoxinin,CC(C)(O)[C@@H]1[C@H]2OC(=O)[C@@H]1[C@]1(O)C[C@H]3O[C@]33C(=O)O[C@H]2[C@]13C.[C@]12([C@@]3(O1)[H])[C@](C)([C@H](OC2=O)[C@H](OC4=O)[C@H]([C@H]45)C(C)=C)[C@]5(C3)O,solo_cribado,False,33.69,,False,False,,,,4.5248,concordancia_negativa
Acinetobacter baumannii,A_coleccion_clinica,CO-ADD:0164951,ZCDDBUOENGJMLV-QRPNPIFTSA-N,Valaciclovir hydrochloride,CC(C)[C@H](N)C(=O)OCCOCn1cnc2c(O)nc(N)nc12.Cl,solo_cribado,False,17.42,,False,False,,,,4.5222,concordancia_negativa
Acinetobacter baumannii,A_coleccion_clinica,CO-ADD:0164820,JBMKAUGHUNFTOL-UHFFFAOYSA-N,Chlorothiazide,NS(=O)(=O)c1cc2c(NC=NS2(=O)=O)cc1Cl,solo_cribado,False,3.32,,False,False,,,,4.5217,concordancia_negativa
Acinetobacter baumannii,A_coleccion_clinica,CO-ADD:0164436,KSRLIXGNPXAZHD-HAZZGOGXSA-M,Dantrolene sodium,[O-]C1=NC(=O)CN1\N=C\c1ccc(o1)-c1ccc(cc1)[N+]([O-])=O.[Na+],solo_cribado,False,-2.63,,False,False,,,,4.5196,concordancia_negativa
Acinetobacter baumannii,A_coleccion_clinica,CO-ADD:0164623,KLEAIHJJLUAXIQ-JDRGBKBRSA-N,Irinotecan hydrochloride,CCc1c2Cn3c(cc4c(COC(=O)[C@]4(O)CC)c3=O)-c2nc5ccc(OC(=O)N6CCC(CC6)N7CCCCC7)cc15.O.O.O.Cl,mic_confirmado,False,18.18,,False,True,,,,4.5177,concordancia_negativa
Acinetobacter baumannii,A_coleccion_clinica,CO-ADD:0164836,KUVIULQEHSCUHY-XYWKZLDCSA-N,Beclomethasone dipropionate,CCC(=O)OCC(=O)[C@@]1(OC(=O)CC)[C@@H](C)C[C@H]2[C@@H]3CCC4=CC(=O)C=C[C@]4(C)[C@@]3(Cl)[C@@H](O)C[C@]12C,solo_cribado,False,2.46,,False,False,,,,4.5166,concordancia_negativa
Acinetobacter baumannii,A_coleccion_clinica,CO-ADD:0164966,BIXYYZIIJIXVFW-UUOKFMHZSA-N,2-Chloroadenosine,Nc1nc(Cl)nc2n(cnc12)[C@@H]1O[C@H](CO)[C@@H](O)[C@H]1O,solo_cribado,False,14.41,,False,False,,,,4.5116,concordancia_negativa
Acinetobacter baumannii,A_coleccion_clinica,CO-ADD:0164660,QYZRTBKYBJRGJB-WQTKJZBYSA-N,Granisetron hydrochloride,CN1[C@H]2CCC[C@@H]1C[C@@H](C2)NC(=O)c1nn(C)c2ccccc12.Cl,solo_cribado,False,6.83,,False,False,,,,4.5078,concordancia_negativa
Acinetobacter baumannii,A_coleccion_clinica,CO-ADD:0164555,IKGXIBQEEMLURG-NVPNHPEKSA-N,Rutin,C[C@@H]1O[C@@H](OC[C@H]2O[C@@H](Oc3c(oc4cc(O)cc(O)c4c3=O)-c3ccc(O)c(O)c3)[C@H](O)[C@@H](O)[C@@H]2O)[C@H](O)[C@H](O)[C@H]1O,solo_cribado,False,17.85,,False,False,,,,4.5059,concordancia_negativa
Acinetobacter baumannii,A_coleccion_clinica,CO-ADD:0164661,ZZPAWQYZQVUVHX-UHFFFAOYSA-N,Moxonidine hydrochloride,COc1nc(C)nc(Cl)c1NC1=NCCN1.Cl,solo_cribado,False,5.26,,False,False,,,,4.4964,concordancia_negativa
Acinetobacter baumannii,A_coleccion_clinica,CO-ADD:0164411,FJPYVLNWWICYDW-UHFFFAOYSA-M,Dilantin,O=C1NC(C(=O)[N-]1)(c1ccccc1)c1ccccc1.[Na+],solo_cribado,False,8.36,,False,False,,,,4.4929,concordancia_negativa
Acinetobacter baumannii,A_coleccion_clinica,CO-ADD:0164409,WWYNJERNGUHSAO-XUDSTZEESA-N,Levonorgestrel,CC[C@]12CC[C@H]3[C@@H](CCC4=CC(=O)CC[C@H]34)[C@@H]1CC[C@@]2(O)C#C,solo_cribado,False,11.18,,False,False,,,,4.4895,concordancia_negativa
Acinetobacter baumannii,A_coleccion_clinica,CO-ADD:0164648,KRRAUGJKMHOFMD-UHFFFAOYSA-N,Vardenafil citrate,CCCc1nc(C)c2c(O)nc(nn12)-c1cc(ccc1OCC)S(=O)(=O)N1CCN(CC)CC1.OC(=O)CC(O)(CC(=O)O)C(=O)O,solo_cribado,False,9.68,,False,False,,,,4.4883,concordancia_negativa
Acinetobacter baumannii,A_coleccion_clinica,CO-ADD:0164865,VHVPQPYKVGDNFY-UHFFFAOYSA-N,Itraconazole,CCC(C)n1ncn(-c2ccc(cc2)N2CCN(CC2)c2ccc(OCC3COC(Cn4cncn4)(O3)c3ccc(Cl)cc3Cl)cc2)c1=O,mic_confirmado,False,8.35,,True,False,,,,4.4861,concordancia_negativa
Acinetobacter baumannii,A_coleccion_clinica,CO-ADD:0164720,NTJOBXMMWNYJFB-UHFFFAOYSA-N,Amisulpride,CCN1CCCC1CNC(=O)c1cc(c(N)cc1OC)S(=O)(=O)CC,solo_cribado,False,24.74,,False,False,,,,4.4857,concordancia_negativa
Acinetobacter baumannii,A_coleccion_clinica,CO-ADD:0164578,OFVLGDICTFRJMM-WESIUVDSSA-N,Tetracycline,CN(C)[C@H]1[C@@H]2C[C@H]3C(=C(O)[C@]2(O)C(=O)C(C(N)=O)=C1O)C(=O)c1c(O)cccc1[C@@]3(C)O,mic_confirmado,False,25.19,,True,False,,,,4.4832,concordancia_negativa
Acinetobacter baumannii,A_coleccion_clinica,CO-ADD:0164986,GUGHGUXZJWAIAS-CFCXLQPVSA-N,Daunorubicin hydrochloride,COc1cccc2C(=O)c3c(O)c4C[C@](O)(C[C@H](OC5CC(N)C(O)C(C)O5)c4c(O)c3C(=O)c12)C(C)=O.Cl,mic_confirmado,False,9.85,,False,True,,,,4.4828,concordancia_negativa
Acinetobacter baumannii,A_coleccion_clinica,CO-ADD:0164880,RTXOFQZKPXMALH-GHXIOONMSA-N,Cefdinir,Nc1nc(cs1)C(=N\O)\C(=O)N[C@H]1[C@H]2SCC(C=C)=C(N2C1=O)C(O)=O,mic_confirmado,False,24.01,,False,True,,,,4.4822,concordancia_negativa
Acinetobacter baumannii,B_transferencia_entre_patogenos,CHEMBL416755,KYGZCKSPAKDVKC-UHFFFAOYSA-N,OXOLINIC ACID,CCn1cc(C(=O)O)c(=O)c2cc3c(cc21)OCO3,sin_medida,False,,,False,False,Klebsiella pneumoniae,6.417028037888812,,4.4787,hipotesis_transferencia
Acinetobacter baumannii,B_transferencia_entre_patogenos,CHEMBL339309,ABQYZRZVRIPTPI-UHFFFAOYSA-N,MILOXACIN,COn1cc(C(=O)O)c(=O)c2cc3c(cc21)OCO3,sin_medida,False,,,False,False,Klebsiella pneumoniae,5.829229528112167,,4.4763,hipotesis_transferencia
Acinetobacter baumannii,A_coleccion_clinica,CO-ADD:0164441,PLBHSZGDDKCEHR-LFYFAGGJSA-N,Methylprednisolone acetate,C[C@H]1C[C@H]2[C@@H]3CC[C@](O)(C(=O)COC(C)=O)[C@@]3(C)C[C@H](O)[C@@H]2[C@@]2(C)C=CC(=O)C=C12,solo_cribado,False,10.61,,False,False,,,,4.4735,concordancia_negativa
Acinetobacter baumannii,A_coleccion_clinica,CO-ADD:0164430,MQTOSJVFKKJCRP-BICOPXKESA-N,Azithromycin,CC[C@H]1OC(=O)[C@H](C)[C@@H](O[C@H]2C[C@@](C)(OC)[C@@H](O)[C@H](C)O2)[C@H](C)[C@@H](O[C@@H]2O[C@H](C)C[C@@H]([C@H]2O)N(C)C)[C@](C)(O)C[C@@H](C)CN(C)[C@H](C)[C@@H](O)[C@]1(C)O,mic_confirmado,True,82.01,5.0,False,True,,,,4.4714,recuperacion
Acinetobacter baumannii,A_coleccion_clinica,CO-ADD:0164916,YOSHYTLCDANDAN-UHFFFAOYSA-N,Irbesartan,CCCCC1=NC2(CCCC2)C(=O)N1Cc1ccc(cc1)-c1ccccc1-c1nn[nH]n1,solo_cribado,False,1.45,,False,False,,,,4.4675,concordancia_negativa
Acinetobacter baumannii,A_coleccion_clinica,CO-ADD:0164948,RJNSNFZXAZXOFX-UHFFFAOYSA-N,Ranolazine dihydrochloride,COc1ccccc1OCC(O)CN1CCN(CC(=O)Nc2c(C)cccc2C)CC1.Cl.Cl,solo_cribado,False,12.05,,False,False,,,,4.4662,concordancia_negativa
Acinetobacter baumannii,A_coleccion_clinica,CO-ADD:0164515,UKNSBNVKSFTZOJ-XRUKWLHHSA-N,Kitasamycin,CO[C@H]1[C@@H](CC(=O)O[C@H](C)CC=CC=C[C@H](O)[C@H](C)C[C@H](CC=O)[C@@H]1O[C@@H]1O[C@H](C)[C@@H](O[C@H]2C[C@@](C)(OC(=O)CC(C)C)[C@@H](O)[C@H](C)O2)[C@@H]([C@H]1O)N(C)C)OC(C)=O,solo_cribado,False,34.0,,False,False,,,,4.4662,concordancia_negativa
Acinetobacter baumannii,A_coleccion_clinica,CO-ADD:0164606,DGNLGWJZZZOYPT-UHFFFAOYSA-N,TFMPP hydrochloride,FC(F)(F)c1cccc(c1)N1CCNCC1.Cl,solo_cribado,False,9.28,,False,False,,,,4.4634,concordancia_negativa
Acinetobacter baumannii,A_coleccion_clinica,CO-ADD:0164577,IPYWNMVPZOAFOQ-XZVQIPOZSA-N,Cefixime trihydrate,Nc1nc(cs1)C(=N/OCC(O)=O)\C(=O)N[C@H]1[C@H]2SCC(C=C)=C(N2C1=O)C(O)=O.O.O.O,mic_confirmado,False,20.64,,False,True,,,,4.4632,concordancia_negativa
Acinetobacter baumannii,B_transferencia_entre_patogenos,CHEMBL528,NNULBSISHYWZJU-LLKWHZGFSA-N,CEFTIZOXIME,CO/N=C(\C(=O)N[C@@H]1C(=O)N2C(C(=O)O)=CCS[C@H]12)c1csc(N)n1,sin_medida,False,,,True,False,Klebsiella pneumoniae,7.680574581567761,,4.457,hipotesis_transferencia
Acinetobacter baumannii,A_coleccion_clinica,CO-ADD:0164524,VIKNJXKGJWUCNN-XGXHKTLJSA-N,19-Norethindrone,C[C@]12CC[C@H]3[C@@H](CCC4=CC(=O)CC[C@H]34)[C@@H]1CC[C@@]2(O)C#C,solo_cribado,False,4.59,,False,False,,,,4.4499,concordancia_negativa
Acinetobacter baumannii,A_coleccion_clinica,CO-ADD:0164903,VWBQYTRBTXKKOG-IYNICTALSA-M,Pravastatin sodium,CC[C@H](C)C(=O)O[C@H]1C[C@H](O)C=C2C=C[C@H](C)[C@H](CC[C@@H](O)C[C@@H](O)CC([O-])=O)[C@@H]12.[Na+],solo_cribado,False,24.13,,False,False,,,,4.4498,concordancia_negativa
Acinetobacter baumannii,A_coleccion_clinica,CO-ADD:0164605,GGXMRPUKBWXVHE-MIHLVHIWSA-N,Halometasone monohydrate,C[C@@H]1C[C@H]2[C@@H]3C[C@H](F)C4=CC(=O)C(Cl)=C[C@]4(C)[C@@]3(F)[C@@H](O)C[C@]2(C)[C@@]1(O)C(=O)CO,solo_cribado,False,3.47,,False,False,,,,4.4488,concordancia_negativa
Acinetobacter baumannii,A_coleccion_clinica,CO-ADD:0164580,AQTQHPDCURKLKT-PNYVAJAMSA-N,Vincristine sulfate,CC[C@]1(O)C[C@@H]2CN(C1)CCc3c([nH]c4ccccc34)[C@@](C2)(C(=O)OC)c5cc6c(cc5OC)N(C=O)[C@@H]7[C@@]86CCN9CC=C[C@](CC)([C@H]98)[C@@H](OC(=O)C)[C@]7(O)C(=O)OC.OS(=O)(=O)O,solo_cribado,False,17.99,,False,False,,,,4.4454,concordancia_negativa
Acinetobacter baumannii,A_coleccion_clinica,CO-ADD:0164725,ODAOZWTYNWZSBY-SPIKMXEPSA-N,HTMT dimaleate,CC(CCCCC(=O)Nc1ccc(cc1)C(F)(F)F)NCCc1c[nH]cn1.OC(=O)/C=C\C(=O)O.OC(=O)/C=C\C(=O)O,solo_cribado,False,23.47,,False,False,,,,4.444,concordancia_negativa
Acinetobacter baumannii,A_coleccion_clinica,CO-ADD:0164816,HDWIHXWEUNVBIY-UHFFFAOYSA-N,Bendrofluazide,NS(=O)(=O)c1cc2c(NC(Cc3ccccc3)NS2(=O)=O)cc1C(F)(F)F,solo_cribado,False,4.02,,False,False,,,,4.4425,concordancia_negativa
Acinetobacter baumannii,A_coleccion_clinica,CO-ADD:0164949,XUFQPHANEAPEMJ-UHFFFAOYSA-N,Famotidine,NC(=N)Nc1nc(CSCCC(=N)NS(N)(=O)=O)cs1,solo_cribado,False,4.47,,False,False,,,,4.4391,concordancia_negativa
Acinetobacter baumannii,B_transferencia_entre_patogenos,CHEMBL1173035,AQNPJKKYGQVMOS-BMHLXIAXSA-N,MAYAMYCIN,CN[C@@H]1C[C@H](c2c(O)c3c(c4c(O)cc(C)cc24)C(=O)c2cccc(O)c2C3=O)O[C@H](C)[C@@H]1CO,sin_medida,False,,,False,False,Klebsiella pneumoniae,5.6020599913279625,,4.4384,hipotesis_transferencia
Acinetobacter baumannii,B_transferencia_entre_patogenos,CHEMBL2110851,IIRVYWCKYUQJCL-UHFFFAOYSA-N,DROXACIN,CCn1cc(C(=O)O)c(=O)c2cc3c(cc21)CCO3,sin_medida,False,,,False,False,Klebsiella pneumoniae,6.112707196158735,,4.4374,hipotesis_transferencia
Acinetobacter baumannii,A_coleccion_clinica,CO-ADD:0164722,GPUADMRJQVPIAS-QCVDVZFFSA-M,Cerivastatin sodium,COCc1c(nc(C(C)C)c(\C=C\[C@@H](O)C[C@@H](O)CC([O-])=O)c1-c1ccc(F)cc1)C(C)C.[Na+],mic_confirmado,False,55.86,,False,True,,,,4.4371,concordancia_negativa
Acinetobacter baumannii,A_coleccion_clinica,CO-ADD:0164830,CBGUOGMQLZIXBE-XGQKBEPLSA-N,Clobetasol propionate,CCC(=O)O[C@@]1([C@@H](C)C[C@H]2[C@@H]3CCC4=CC(=O)C=C[C@]4(C)[C@@]3(F)[C@@H](O)C[C@]12C)C(=O)CCl,solo_cribado,False,1.19,,False,False,,,,4.4337,concordancia_negativa
Acinetobacter baumannii,A_coleccion_clinica,CO-ADD:0164617,GMRQFYUYWCNGIN-NKMMMXOESA-N,Calcitriol,C[C@H](CCCC(C)(C)O)[C@H]1CC[C@H]2\C(CCC[C@]12C)=C\C=C1\C[C@@H](O)C[C@H](O)C1=C,solo_cribado,False,19.82,,False,False,,,,4.4327,concordancia_negativa
Acinetobacter baumannii,B_transferencia_entre_patogenos,CHEMBL221186,CQVAQQNDZCZBSU-UHFFFAOYSA-N,OTX-008,CN(C)CCNC(=O)COc1c2cccc1Cc1cccc(c1OCC(=O)NCCN(C)C)Cc1cccc(c1OCC(=O)NCCN(C)C)Cc1cccc(c1OCC(=O)NCCN(C)C)C2,sin_medida,False,,,False,False,Klebsiella pneumoniae,5.823908740944319,,4.4322,hipotesis_transferencia
Acinetobacter baumannii,A_coleccion_clinica,CO-ADD:0164406,SPFYMRJSYKOXGV-UHFFFAOYSA-N,Enrofloxacin,CCN1CCN(CC1)c1cc2n(cc(C(O)=O)c(=O)c2cc1F)C1CC1,mic_confirmado,True,101.1,6.505149978319906,False,True,,,,4.4304,recuperacion
Acinetobacter baumannii,A_coleccion_clinica,CO-ADD:0164946,LACQPOBCQQPVIT-CQPQIMGBSA-N,Scopolamine hydrobromide,CN1[C@H]2CC(C[C@@H]1[C@H]3O[C@H]32)OC(=O)[C@H](CO)c4ccccc4.Br.O.O.O,solo_cribado,False,20.16,,False,False,,,,4.4295,concordancia_negativa
Acinetobacter baumannii,A_coleccion_clinica,CO-ADD:0164772,KYITYFHKDODNCQ-UHFFFAOYSA-M,Warfarin sodium,CC(=O)CC(c1ccccc1)c1c([O-])c2ccccc2oc1=O.[Na+],solo_cribado,False,7.36,,False,False,,,,4.4294,concordancia_negativa
Acinetobacter baumannii,A_coleccion_clinica,CO-ADD:0164847,WZDGZWOAQTVYBX-XOINTXKNSA-N,Tibolone,C[C@@H]1CC2=C(CCC(=O)C2)[C@H]2CC[C@@]3(C)[C@@H](CC[C@@]3(O)C#C)[C@H]12,solo_cribado,False,10.6,,False,False,,,,4.4286,concordancia_negativa
Acinetobacter baumannii,A_coleccion_clinica,CO-ADD:0164917,JVHPTYWUBOQMBP-RVFAQHLVSA-N,Idarubicin hydrochloride,C[C@@H]1O[C@H](C[C@H](N)[C@@H]1O)O[C@H]1C[C@@](O)(Cc2c(O)c3C(=O)c4ccccc4C(=O)c3c(O)c12)C(C)=O.Cl,mic_confirmado,False,10.77,,False,True,,,,4.4268,concordancia_negativa
Acinetobacter baumannii,A_coleccion_clinica,CO-ADD:0165064,HBUBKKRHXORPQB-FJFJXFQQSA-N,Fludarabine,Nc1nc(F)nc2n(cnc12)[C@@H]1O[C@H](CO)[C@@H](O)[C@@H]1O,solo_cribado,False,3.29,,False,False,,,,4.4226,concordancia_negativa
Acinetobacter baumannii,A_coleccion_clinica,CO-ADD:0164501,OGJPXUAPXNRGGI-UHFFFAOYSA-N,Norfloxacin,CCn1cc(C(O)=O)c(=O)c2cc(F)c(cc12)N1CCNCC1,mic_confirmado,False,49.18,,False,True,,,,4.421,concordancia_negativa
Acinetobacter baumannii,A_coleccion_clinica,CO-ADD:0164612,QBYYXIDJOFZORM-LBPAWUGGSA-N,Cisapride hydrate,CO[C@H]1CN(CCCOc2ccc(F)cc2)CC[C@H]1NC(=O)c1cc(Cl)c(N)cc1OC.O,solo_cribado,False,6.11,,False,False,,,,4.417,concordancia_negativa
Acinetobacter baumannii,A_coleccion_clinica,CO-ADD:0164969,NCDNCNXCDXHOMX-XGKFQTDJSA-N,Ritonavir,CC(C)[C@H](NC(=O)N(C)Cc1csc(n1)C(C)C)C(=O)N[C@H](C[C@H](O)[C@H](Cc1ccccc1)NC(=O)OCc1cncs1)Cc1ccccc1,solo_cribado,False,15.52,,False,False,,,,4.4155,concordancia_negativa
Acinetobacter baumannii,A_coleccion_clinica,CO-ADD:0164912,LBFBRXGCXUHRJY-HKHDRNBDSA-M,Montelukast sodium,CC(C)(O)c1ccccc1CC[C@@H](SCC1(CC([O-])=O)CC1)c1cccc(\C=C\c2ccc3ccc(Cl)cc3n2)c1.[Na+],solo_cribado,False,0.85,,False,False,,,,4.4122,concordancia_negativa
Acinetobacter baumannii,A_coleccion_clinica,CO-ADD:0164898,DGHHQBMTXTWTJV-BQAIUKQQSA-N,Topotecan hydrochloride,CC[C@@]1(O)C(=O)OCc2c1cc1-c3nc4ccc(O)c(CN(C)C)c4cc3Cn1c2=O.Cl,solo_cribado,False,11.68,,False,False,,,,4.41,concordancia_negativa
Acinetobacter baumannii,A_coleccion_clinica,CO-ADD:0164806,VWQWXZAWFPZJDA-CGVGKPPMSA-N,Hydrocortisone hemisuccinate,C[C@]12C[C@H](O)[C@H]3[C@@H](CCC4=CC(=O)CC[C@]34C)[C@@H]1CC[C@]2(O)C(=O)COC(=O)CCC(O)=O,solo_cribado,False,18.29,,False,False,,,,4.4089,concordancia_negativa
Acinetobacter baumannii,A_coleccion_clinica,CO-ADD:0164624,XIEGSJAEZIGKSA-LUNMCBQDSA-N,Tropisetron hydrochloride,CN1[C@H]2CC[C@@H]1C[C@@H](C2)OC(=O)c1c[nH]c2ccccc12.Cl,solo_cribado,False,23.54,,False,False,,,,4.4074,concordancia_negativa
Acinetobacter baumannii,A_coleccion_clinica,CO-ADD:0164376,FXWCAVDTCCCJHE-JEZXJMRTSA-N,Methotrexate trihydrate,CN(Cc1cnc2nc(N)nc(N)c2n1)c1ccc(cc1)C(=O)N[C@@H](CCC(O)=O)C(O)=O.O.O.O,solo_cribado,False,10.16,,False,False,,,,4.4044,concordancia_negativa
Acinetobacter baumannii,A_coleccion_clinica,CO-ADD:0164791,QWGDMFLQWFTERH-UHFFFAOYSA-N,Amoxapine,Clc1ccc2Oc3ccccc3N=C(N3CCNCC3)c2c1,solo_cribado,False,14.02,,False,False,,,,4.4039,concordancia_negativa
Acinetobacter baumannii,B_transferencia_entre_patogenos,CHEMBL2110623,HGXLJRWXCXSEJO-GMSGAONNSA-N,CEFAZAFLUR,Cn1nnnc1SCC1=C(C(=O)O)N2C(=O)[C@@H](NC(=O)CSC(F)(F)F)[C@H]2SC1,sin_medida,False,,,False,False,Klebsiella pneumoniae,5.769451179402037,,4.4033,hipotesis_transferencia
Acinetobacter baumannii,A_coleccion_clinica,CO-ADD:0164886,COFJBSXICYYSKG-FJFFLIEUSA-N,Vindesine sulfate,CC[C@]1(O)C[C@H]2CN(C1)CCc3c([nH]c4ccccc34)[C@@](C2)(C(=O)OC)c5cc6c(cc5OC)N(C)[C@@H]7[C@@]86CCN9CC=C[C@](CC)([C@H]98)[C@@H](O)[C@]7(O)C(=O)N.OS(=O)(=O)O,solo_cribado,False,5.43,,False,False,,,,4.3991,concordancia_negativa
Acinetobacter baumannii,A_coleccion_clinica,CO-ADD:0164867,UWCVGPLTGZWHGS-ZORIOUSZSA-N,Pergolide mesylate,CCCN1C[C@H](CSC)C[C@H]2[C@H]1Cc3c[nH]c4cccc2c34.CS(=O)(=O)O,solo_cribado,False,7.83,,False,False,,,,4.3983,concordancia_negativa
Acinetobacter baumannii,A_coleccion_clinica,CO-ADD:0164942,WMBWREPUVVBILR-WIYYLYMNSA-N,Epigallocatechin gallate,Oc1cc(O)c2C[C@@H](OC(=O)c3cc(O)c(O)c(O)c3)[C@H](Oc2c1)c1cc(O)c(O)c(O)c1,solo_cribado,False,27.87,,False,False,,,,4.3953,concordancia_negativa
Acinetobacter baumannii,A_coleccion_clinica,CO-ADD:0164754,AGOYDEPGAOXOCK-KCBOHYOISA-N,Clarithromycin,CC[C@H]1OC(=O)[C@H](C)[C@@H](O[C@H]2C[C@@](C)(OC)[C@@H](O)[C@H](C)O2)[C@H](C)[C@@H](O[C@@H]2O[C@H](C)C[C@@H]([C@H]2O)N(C)C)[C@@](C)(C[C@@H](C)C(=O)[C@H](C)[C@@H](O)[C@]1(C)O)OC,mic_confirmado,True,73.88,5.0,False,True,,,,4.3945,recuperacion
Acinetobacter baumannii,A_coleccion_clinica,CO-ADD:0164674,OVSQVDMCBVZWGM-DTGCRPNFSA-N,Hyperoside,OC[C@H]1O[C@@H](Oc2c(oc3cc(O)cc(O)c3c2=O)-c2ccc(O)c(O)c2)[C@H](O)[C@@H](O)[C@H]1O,solo_cribado,False,12.67,,False,False,,,,4.39,concordancia_negativa
Acinetobacter baumannii,A_coleccion_clinica,CO-ADD:0164561,DNTNDFLIKUKKOC-UHFFFAOYSA-N,Gabexate mesilate,CCOC(=O)c1ccc(OC(=O)CCCCCN=C(N)N)cc1.CS(=O)(=O)O,solo_cribado,False,17.94,,False,False,,,,4.3865,concordancia_negativa
Acinetobacter baumannii,A_coleccion_clinica,CO-ADD:0165053,NSYZCCDSJNWWJL-UHFFFAOYSA-N,Eryped,CCOC(=O)CCC(=O)OC1C(OC2C(C)C(OC3CC(C)(OC)C(O)C(C)O3)C(C)C(=O)OC(CC)C(C)(O)C(O)C(C)C(=O)C(C)CC2(C)O)OC(C)CC1N(C)C,mic_confirmado,False,72.06,,False,True,,,,4.3852,concordancia_negativa
Acinetobacter baumannii,A_coleccion_clinica,CO-ADD:0164680,CPDDZSSEAVLMRY-FEQFWAPWSA-N,Tegaserod maleate,CCCCCNC(=N)N\N=C\c1c[nH]c2ccc(OC)cc12.OC(=O)/C=C\C(=O)O,solo_cribado,False,20.58,,False,False,,,,4.3848,concordancia_negativa
Acinetobacter baumannii,A_coleccion_clinica,CO-ADD:0164849,QJJXYPPXXYFBGM-KVDYWLTISA-N,Tacrolimus,CO[C@@H]1C[C@@H](CC[C@H]1O)\C=C(/C)[C@H]1OC(=O)[C@@H]2CCCCN2C(=O)C(=O)[C@]2(O)O[C@@H]([C@H](C[C@H]2C)OC)[C@H](C[C@@H](C)CC(C)=C[C@@H](CC=C)C(=O)C[C@H](O)[C@H]1C)OC,mic_confirmado,False,16.87,,False,True,,,,4.3841,concordancia_negativa
Acinetobacter baumannii,A_coleccion_clinica,CO-ADD:0164992,FAOZLTXFLGPHNG-UHFFFAOYSA-N,Fluorometholone,CC1CC2C3CCC(O)(C(C)=O)C3(C)CC(O)C2(F)C2(C)C=CC(=O)C=C12,solo_cribado,False,4.77,,False,False,,,,4.3832,concordancia_negativa
Acinetobacter baumannii,A_coleccion_clinica,CO-ADD:0164718,FIHJKUPKCHIPAT-NKHDUEHSSA-N,Artesunate,C[C@@H]1CC[C@H]2[C@@H](C)[C@@H](OC(=O)CCC(O)=O)O[C@@H]3O[C@@]4(C)CC[C@@H]1[C@@]23OO4,solo_cribado,False,-2.78,,False,False,,,,4.3819,concordancia_negativa
Acinetobacter baumannii,A_coleccion_clinica,CO-ADD:0164685,IKPNWIGTWUZCKM-JEDNCBNOSA-N,L-NMMA acetate,CNC(=N)NCCC[C@H](N)C(O)=O.CC(=O)O,solo_cribado,False,-0.05,,False,False,,,,4.3819,concordancia_negativa
Acinetobacter baumannii,A_coleccion_clinica,CO-ADD:0164921,IVTVGDXNLFLDRM-HNNXBMFYSA-N,Raltitrexed,CN(Cc1ccc2nc(C)nc(O)c2c1)c1ccc(s1)C(=O)N[C@@H](CCC(O)=O)C(O)=O,solo_cribado,False,12.62,,False,False,,,,4.3817,concordancia_negativa
Acinetobacter baumannii,A_coleccion_clinica,CO-ADD:0165015,VWPOSFSPZNDTMJ-UCWKZMIHSA-N,Nadolol,CC(C)(C)NCC(O)COc1cccc2C[C@@H](O)[C@@H](O)Cc12,solo_cribado,False,21.21,,False,False,,,,4.3807,concordancia_negativa
Acinetobacter baumannii,A_coleccion_clinica,CO-ADD:0164782,FEBLZLNTKCEFIT-VSXGLTOVSA-N,Fluocinolone acetonide,CC1(C)O[C@@H]2C[C@H]3[C@@H]4C[C@H](F)C5=CC(=O)C=C[C@]5(C)[C@@]4(F)[C@@H](O)C[C@]3(C)[C@@]2(O1)C(=O)CO,solo_cribado,False,11.45,,False,False,,,,4.3792,concordancia_negativa
Acinetobacter baumannii,A_coleccion_clinica,CO-ADD:0164457,LSQZJLSUYDQPKJ-NJBDSQKTSA-N,Amoxicillin,CC1(C)S[C@@H]2[C@H](NC(=O)[C@H](N)c3ccc(O)cc3)C(=O)N2[C@H]1C(O)=O,solo_cribado,False,10.8,,False,False,,,,4.3785,concordancia_negativa
Acinetobacter baumannii,A_coleccion_clinica,CO-ADD:0164939,KWORUUGOSLYAGD-UHFFFAOYSA-N,Esomeprazole magnesium,COc1ccc2[n-]c(nc2c1)S(=O)Cc1ncc(C)c(OC)c1C.COc1ccc2[n-]c(nc2c1)S(=O)Cc1ncc(C)c(OC)c1C.[Mg+2],mic_confirmado,False,10.04,,False,True,,,,4.3766,concordancia_negativa
Acinetobacter baumannii,B_transferencia_entre_patogenos,CHEMBL3939284,GOCUUDXEOKIQRU-IXDOHACOSA-N,ACHN-975,CC(C)(N)[C@H](NC(=O)c1ccc(C#CC#C[C@@H]2C[C@H]2CO)cc1)C(=O)NO,sin_medida,False,,,False,False,Klebsiella pneumoniae,5.868551575249236,,4.3732,hipotesis_transferencia
Acinetobacter baumannii,A_coleccion_clinica,CO-ADD:0164390,IZEKFCXSFNUWAM-UHFFFAOYSA-N,Dipyridamole,OCCN(CCO)c1nc(N2CCCCC2)c2nc(nc(N3CCCCC3)c2n1)N(CCO)CCO,solo_cribado,False,9.85,,False,False,,,,4.3727,concordancia_negativa
Acinetobacter baumannii,A_coleccion_clinica,CO-ADD:0164601,ZDZOTLJHXYCWBA-BSEPLHNVSA-N,Docetaxel,CC(=O)O[C@@]12CO[C@@H]1C[C@H](O)[C@]1(C)[C@@H]2[C@H](OC(=O)c2ccccc2)[C@@]2(O)C[C@H](OC(=O)[C@H](O)[C@@H](NC(=O)OC(C)(C)C)c3ccccc3)C(C)=C([C@@H](O)C1=O)C2(C)C,solo_cribado,False,16.38,,False,False,,,,4.3708,concordancia_negativa
Acinetobacter baumannii,B_transferencia_entre_patogenos,CHEMBL1146,OLVCFLKTBJRLHI-AXAPSJFSSA-N,CEFAMANDOLE,Cn1nnnc1SCC1=C(C(=O)O)N2C(=O)[C@@H](NC(=O)[C@H](O)c3ccccc3)[C@H]2SC1,sin_medida,False,,,False,False,Klebsiella pneumoniae,6.063063952771779,,4.3683,hipotesis_transferencia
Acinetobacter baumannii,A_coleccion_clinica,CO-ADD:0164404,YQZBAXDVDZTKEQ-UHFFFAOYSA-N,Loxapine succinate,CN1CCN(CC1)C1=Nc2ccccc2Oc2ccc(Cl)cc12.OC(=O)CCC(=O)O,solo_cribado,False,4.74,,False,False,,,,4.3654,concordancia_negativa
Acinetobacter baumannii,A_coleccion_clinica,CO-ADD:0165019,PCZOHLXUXFIOCF-BXMDZJJMSA-N,Lovastatin,CC[C@H](C)C(=O)O[C@H]1C[C@@H](C)C=C2C=C[C@H](C)[C@H](CC[C@@H]3C[C@@H](O)CC(=O)O3)[C@@H]12,solo_cribado,False,18.99,,False,False,,,,4.3635,concordancia_negativa
Acinetobacter baumannii,A_coleccion_clinica,CO-ADD:0164695,CKOIKOHDEYTLFR-PFBPGKLMSA-N,Cefatrizine propylene glycol,N[C@@H](C(=O)N[C@H]1[C@H]2SCC(CSc3c[nH]nn3)=C(N2C1=O)C(O)=O)c1ccc(O)cc1.CC(O)CO,solo_cribado,False,36.53,,False,False,,,,4.3622,concordancia_negativa
Acinetobacter baumannii,A_coleccion_clinica,CO-ADD:0164985,ZTHJULTYCAQOIJ-WXXKFALUSA-N,Quetiapine fumarate,OCCOCCN1CCN(CC1)C1=Nc2ccccc2Sc2ccccc12.OCCOCCN1CCN(CC1)C1=Nc2ccccc2Sc2ccccc12.OC(=O)/C=C/C(=O)O,solo_cribado,False,15.66,,False,False,,,,4.3604,concordancia_negativa
Acinetobacter baumannii,A_coleccion_clinica,CO-ADD:0164832,MKCBCZDNNZPMCG-UHFFFAOYSA-N,Mitoxantrone hydrochloride,OCCNCCNc1ccc(NCCNCCO)c2C(=O)c3c(O)ccc(O)c3C(=O)c12.Cl,solo_cribado,False,1.28,,False,False,,,,4.3601,concordancia_negativa
Acinetobacter baumannii,B_transferencia_entre_patogenos,CHEMBL2110602,RRYMAQUWDLIUPV-BXKDBHETSA-N,CEPHACETRILE,CC(=O)OCC1=C(C(=O)O)N2C(=O)[C@@H](NC(=O)CC#N)[C@H]2SC1,sin_medida,False,,,False,False,Klebsiella pneumoniae,5.039259283411133,,4.3599,hipotesis_transferencia
Acinetobacter baumannii,A_coleccion_clinica,CO-ADD:0164657,HUZTYZBFZKRPFG-UHFFFAOYSA-N,Mosapride citrate,CCOc1cc(N)c(Cl)cc1C(=O)NCC1CN(Cc2ccc(F)cc2)CCO1.OC(=O)CC(O)(CC(=O)O)C(=O)O,solo_cribado,False,12.23,,False,False,,,,4.3563,concordancia_negativa
Acinetobacter baumannii,A_coleccion_clinica,CO-ADD:0164837,LJVAJPDWBABPEJ-XZVSULPPSA-N,Telithromycin,CC[C@H]1OC(=O)[C@H](C)C(=O)[C@H](C)[C@@H](O[C@@H]2O[C@H](C)C[C@@H]([C@H]2O)N(C)C)[C@@](C)(C[C@@H](C)C(=O)[C@H](C)[C@@H]2N(CCCCn3cnc(c3)-c3cccnc3)C(=O)O[C@]12C)OC,solo_cribado,False,3.63,,False,False,,,,4.3543,concordancia_negativa
Acinetobacter baumannii,A_coleccion_clinica,CO-ADD:0164669,YPVGGQKNWAKOPX-UHFFFAOYSA-N,Nifekalant hydrochloride,Cn1c(NCCN(CCO)CCCc2ccc(cc2)[N+]([O-])=O)cc(=O)n(C)c1=O.Cl,solo_cribado,False,9.57,,False,False,,,,4.3532,concordancia_negativa
Acinetobacter baumannii,A_coleccion_clinica,CO-ADD:0164715,OVSQVDMCBVZWGM-QSOFNFLRSA-N,Isoquercitrin,OC[C@H]1O[C@@H](Oc2c(oc3cc(O)cc(O)c3c2=O)-c2ccc(O)c(O)c2)[C@H](O)[C@@H](O)[C@@H]1O,solo_cribado,False,60.53,,False,False,,,,4.353,concordancia_negativa
Acinetobacter baumannii,A_coleccion_clinica,CO-ADD:0164761,KVWDHTXUZHCGIO-UHFFFAOYSA-N,Olanzapine,CN1CCN(CC1)C1=Nc2ccccc2Nc2sc(C)cc12,solo_cribado,False,33.0,,False,False,,,,4.3489,concordancia_negativa
Acinetobacter baumannii,B_transferencia_entre_patogenos,CHEMBL36342,SMGTYJPMKXNQFY-UHFFFAOYSA-N,OCTENIDINE HYDROCHLORIDE,CCCCCCCCN=c1ccn(CCCCCCCCCCn2ccc(=NCCCCCCCC)cc2)cc1.Cl.Cl,sin_medida,False,,,False,False,Klebsiella pneumoniae,5.494044614504198,,4.3487,hipotesis_transferencia
Acinetobacter baumannii,A_coleccion_clinica,CO-ADD:0164464,RHBRMCOKKKZVRY-ITLPAZOVSA-N,Naltrexone hydrochloride,Oc1ccc2C[C@H]3N(CC4CC4)CC[C@@]45[C@@H](Oc1c24)C(=O)CC[C@@]35O.Cl,solo_cribado,False,15.95,,False,False,,,,4.3446,concordancia_negativa
Acinetobacter baumannii,B_transferencia_entre_patogenos,CHEMBL4633785,KOHUFVUIYUCFNG-PHDIDXHHSA-N,XERUBORBACTAM,O=C(O)c1c(F)ccc2c1OB(O)[C@@H]1C[C@H]21,sin_medida,False,,,False,False,Klebsiella pneumoniae,5.948373838387079,,4.3379,hipotesis_transferencia
Acinetobacter baumannii,A_coleccion_clinica,CO-ADD:0164941,AEIUZSKXSWGSRU-QXGDPHCHSA-N,Paroxetine maleate,Fc1ccc(cc1)[C@@H]1CCNC[C@H]1COc1ccc2OCOc2c1.OC(=O)/C=C\C(=O)O,solo_cribado,False,5.4,,False,False,,,,4.3359,concordancia_negativa
Acinetobacter baumannii,A_coleccion_clinica,CO-ADD:0165045,IYNDLOXRXUOGIU-UHFFFAOYSA-M,Penicillin G potassium,CC1(C)SC2C(NC(=O)Cc3ccccc3)C(=O)N2C1C([O-])=O.[K+],mic_confirmado,False,23.14,,False,True,,,,4.3332,concordancia_negativa
Acinetobacter baumannii,A_coleccion_clinica,CO-ADD:0164459,RYMZZMVNJRMUDD-HGQWONQESA-N,Simvastatin,CCC(C)(C)C(=O)O[C@H]1C[C@@H](C)C=C2C=C[C@H](C)[C@H](CC[C@@H]3C[C@@H](O)CC(=O)O3)[C@@H]12,solo_cribado,False,2.51,,False,False,,,,4.3326,concordancia_negativa
Acinetobacter baumannii,A_coleccion_clinica,CO-ADD:0164709,CILBMBUYJCWATM-UPGMTPSASA-N,Vinorelbine tartrate,CCC1=C[C@H]2CN(C1)Cc3c([nH]c4ccccc34)[C@@](C2)(C(=O)OC)c5cc6c(cc5OC)N(C)[C@@H]7[C@@]86CCN9CC=C[C@](CC)([C@H]98)[C@@H](OC(=O)C)[C@]7(O)C(=O)OC.OC(C(O)C(=O)O)C(=O)O.OC(C(O)C(=O)O)C(=O)O,solo_cribado,False,23.87,,False,False,,,,4.3324,concordancia_negativa
Acinetobacter baumannii,A_coleccion_clinica,CO-ADD:0164455,AUYYCJSJGJYCDS-UHFFFAOYSA-N,"3,5,3'-Triiodothyronine",NC(Cc1cc(I)c(Oc2ccc(O)c(I)c2)c(I)c1)C(O)=O,solo_cribado,False,15.38,,False,False,,,,4.332,concordancia_negativa
Acinetobacter baumannii,A_coleccion_clinica,CO-ADD:0164814,FNYLWPVRPXGIIP-UHFFFAOYSA-N,Triamterene,Nc1nc(N)c2nc(c(N)nc2n1)-c1ccccc1,solo_cribado,False,9.67,,False,False,,,,4.3275,concordancia_negativa
Acinetobacter baumannii,A_coleccion_clinica,CO-ADD:0164753,VMDFASMUILANOL-WXXKFALUSA-N,Bisoprolol fumarate,CC(C)NCC(O)COc1ccc(COCCOC(C)C)cc1.CC(C)NCC(O)COc1ccc(COCCOC(C)C)cc1.OC(=O)/C=C/C(=O)O,solo_cribado,False,35.11,,False,False,,,,4.3262,concordancia_negativa
Acinetobacter baumannii,A_coleccion_clinica,CO-ADD:0165054,YNDXUCZADRHECN-JNQJZLCISA-N,Triamcinolone acetonide,CC1(C)O[C@@H]2C[C@H]3[C@@H]4CCC5=CC(=O)C=C[C@]5(C)[C@@]4(F)[C@@H](O)C[C@]3(C)[C@@]2(O1)C(=O)CO,solo_cribado,False,16.43,,False,False,,,,4.3251,concordancia_negativa
Acinetobacter baumannii,A_coleccion_clinica,CO-ADD:0164869,KPHWPUGNDIVLNH-UHFFFAOYSA-M,Diclofenac sodium,[O-]C(=O)Cc1ccccc1Nc1c(Cl)cccc1Cl.[Na+],solo_cribado,False,8.93,,False,False,,,,4.325,concordancia_negativa
Acinetobacter baumannii,A_coleccion_clinica,CO-ADD:0164947,BXDAOUXDMHXPDI-UHFFFAOYSA-N,Trifluoperazine hydrochloride,CN1CCN(CCCN2c3ccccc3Sc3ccc(cc23)C(F)(F)F)CC1.Cl.Cl,solo_cribado,False,18.35,,False,False,,,,4.3243,concordancia_negativa
Acinetobacter baumannii,A_coleccion_clinica,CO-ADD:0165056,LHLMOSXCXGLMMN-UHFFFAOYSA-M,Ipratropium bromide,CC(C)[N+]1(C)C2CCC1CC(C2)OC(=O)C(CO)c1ccccc1.[Br-],solo_cribado,False,9.29,,False,False,,,,4.3242,concordancia_negativa
Acinetobacter baumannii,A_coleccion_clinica,CO-ADD:0164983,PORMUFZNYQJOEI-UHFFFAOYSA-N,Sumatriptan succinate,CNS(=O)(=O)Cc1ccc2[nH]cc(CCN(C)C)c2c1.OC(=O)CCC(=O)O,solo_cribado,False,10.17,,False,False,,,,4.3184,concordancia_negativa
Acinetobacter baumannii,A_coleccion_clinica,CO-ADD:0164885,LTINZAODLRIQIX-FBXRGJNPSA-N,Cefpodoxime proxetil,COCC1=C(N2[C@H](SC1)[C@H](NC(=O)C(=N/OC)\c1csc(N)n1)C2=O)C(=O)OC(C)OC(=O)OC(C)C,solo_cribado,False,10.0,,False,False,,,,4.3147,concordancia_negativa
Acinetobacter baumannii,A_coleccion_clinica,CO-ADD:0164444,RGPDIGOSVORSAK-STHHAXOLSA-N,Naloxone hydrochloride,Oc1ccc2C[C@H]3N(CC=C)CC[C@@]45[C@@H](Oc1c24)C(=O)CC[C@@]35O.Cl,solo_cribado,False,-1.18,,False,False,,,,4.3133,concordancia_negativa
Acinetobacter baumannii,A_coleccion_clinica,CO-ADD:0164393,MAEIEVLCKWDQJH-UHFFFAOYSA-N,Bumetanide,CCCCNc1cc(cc(c1Oc1ccccc1)S(N)(=O)=O)C(O)=O,solo_cribado,False,10.04,,False,False,,,,4.3133,concordancia_negativa
Acinetobacter baumannii,A_coleccion_clinica,CO-ADD:0164652,WPPIVKOINGQRTL-UHFFFAOYSA-N,Piribedil hydrochloride,C(N1CCN(CC1)c1ncccn1)c1ccc2OCOc2c1.O.Cl,solo_cribado,False,12.71,,False,False,,,,4.3132,concordancia_negativa
Acinetobacter baumannii,A_coleccion_clinica,CO-ADD:0164987,MUPQZWGSBCWCAV-UHFFFAOYSA-N,Terbutaline sulfate,CC(C)(C)NCC(O)c1cc(O)cc(O)c1.OS(=O)(=O)O,solo_cribado,False,12.22,,False,False,,,,4.3107,concordancia_negativa
Acinetobacter baumannii,A_coleccion_clinica,CO-ADD:0164642,DSKIOWHQLUWFLG-SPIKMXEPSA-N,Prochlorperazine maleate,CN1CCN(CCCN2c3ccccc3Sc3ccc(Cl)cc23)CC1.OC(=O)/C=C\C(=O)O.OC(=O)/C=C\C(=O)O,solo_cribado,False,14.71,,False,False,,,,4.3103,concordancia_negativa
Acinetobacter baumannii,A_coleccion_clinica,CO-ADD:0164943,LTKVFMLMEYCWMK-UHFFFAOYSA-N,Amiloride hydrochloride hydrate,NC(=N)NC(=O)c1nc(Cl)c(N)nc1N.Cl.O.O,solo_cribado,False,16.08,,False,False,,,,4.3102,concordancia_negativa
Acinetobacter baumannii,A_coleccion_clinica,CO-ADD:0165038,PSGAAPLEWMOORI-PEINSRQWSA-N,Medroxyprogesterone 17-acetate,C[C@H]1C[C@H]2[C@@H]3CC[C@](OC(C)=O)(C(C)=O)[C@@]3(C)CC[C@@H]2[C@@]2(C)CCC(=O)C=C12,solo_cribado,False,8.66,,False,False,,,,4.308,concordancia_negativa
Acinetobacter baumannii,A_coleccion_clinica,CO-ADD:0164922,LWQQLNNNIPYSNX-UROSTWAQSA-N,Calcipotriol,C[C@H](\C=C\[C@@H](O)C1CC1)[C@H]1CC[C@H]2\C(CCC[C@]12C)=C\C=C1\C[C@@H](O)C[C@H](O)C1=C,solo_cribado,False,13.54,,False,False,,,,4.3075,concordancia_negativa
Acinetobacter baumannii,A_coleccion_clinica,CO-ADD:0164792,CGDDQFMPGMYYQP-UHFFFAOYSA-N,Disopyramide phosphate,CC(C)N(CCC(C(=O)N)(c1ccccc1)c2ccccn2)C(C)C.OP(=O)(O)O,solo_cribado,False,5.03,,False,False,,,,4.3055,concordancia_negativa
Acinetobacter baumannii,A_coleccion_clinica,CO-ADD:0164738,GEPMAHVDJHFBJI-UHFFFAOYSA-N,Xanthinol nicotinate,CN(CCO)CC(O)Cn1cnc2n(C)c(=O)n(C)c(=O)c12.OC(=O)c1cccnc1,solo_cribado,False,42.72,,False,False,,,,4.3045,concordancia_negativa
Acinetobacter baumannii,A_coleccion_clinica,CO-ADD:0164472,JFPVXVDWJQMJEE-QMTHXVAHSA-N,Cefuroxime,CON=C(C(=O)N[C@H]1[C@H]2SCC(COC(N)=O)=C(N2C1=O)C(O)=O)c1ccco1,mic_confirmado,False,14.2,,False,True,,,,4.3042,concordancia_negativa
Acinetobacter baumannii,A_coleccion_clinica,CO-ADD:0164800,XYLJNLCSTIOKRM-UHFFFAOYSA-N,Brimonidine,Brc1c(NC2=NCCN2)ccc2nccnc12,solo_cribado,False,1.87,,False,False,,,,4.3042,concordancia_negativa
Acinetobacter baumannii,A_coleccion_clinica,CO-ADD:0164521,WKSAUQYGYAYLPV-UHFFFAOYSA-N,Pyrimethamine,CCc1nc(N)nc(N)c1-c1ccc(Cl)cc1,mic_confirmado,False,58.36,,False,True,,,,4.3036,concordancia_negativa
Acinetobacter baumannii,A_coleccion_clinica,CO-ADD:0164541,AJLFOPYRIVGYMJ-INTXDZFKSA-N,Mevastatin,CC[C@H](C)C(=O)O[C@H]1CCC=C2C=C[C@H](C)[C@H](CC[C@@H]3C[C@@H](O)CC(=O)O3)[C@@H]12,solo_cribado,False,2.53,,False,False,,,,4.2992,concordancia_negativa
Acinetobacter baumannii,A_coleccion_clinica,CO-ADD:0164893,YEJAJYAHJQIWNU-UHFFFAOYSA-N,Azelastine hydrochloride,CN1CCCC(CC1)n1nc(Cc2ccc(Cl)cc2)c2ccccc2c1=O.Cl,solo_cribado,False,4.91,,False,False,,,,4.2963,concordancia_negativa
Acinetobacter baumannii,A_coleccion_clinica,CO-ADD:0164747,YEEZWCHGZNKEEK-UHFFFAOYSA-N,Zafirlukast,COc1cc(ccc1Cc1cn(C)c2ccc(NC(=O)OC3CCCC3)cc12)C(=O)NS(=O)(=O)c1ccccc1C,solo_cribado,False,41.4,,False,False,,,,4.2922,concordancia_negativa
Acinetobacter baumannii,A_coleccion_clinica,CO-ADD:0164594,BFPYWIDHMRZLRN-SLHNCBLASA-N,Ethynylestradiol,C[C@]12CC[C@H]3[C@@H](CCc4cc(O)ccc34)[C@@H]1CC[C@@]2(O)C#C,solo_cribado,False,11.31,,False,False,,,,4.2906,concordancia_negativa
Acinetobacter baumannii,A_coleccion_clinica,CO-ADD:0165059,WLRMANUAADYWEA-NWASOUNVSA-N,S(-)-Timolol maleate,CC(C)(C)NC[C@H](O)COc1nsnc1N1CCOCC1.OC(=O)/C=C\C(=O)O,solo_cribado,False,7.23,,False,False,,,,4.2899,concordancia_negativa
Acinetobacter baumannii,A_coleccion_clinica,CO-ADD:0164593,PTOAARAWEBMLNO-KVQBGUIXSA-N,Cladribine,Nc1nc(Cl)nc2n(cnc12)[C@H]1C[C@H](O)[C@@H](CO)O1,solo_cribado,False,16.28,,False,False,,,,4.2876,concordancia_negativa
Acinetobacter baumannii,A_coleccion_clinica,CO-ADD:0164568,MBHNWCYEGXQEIT-UHFFFAOYSA-N,Fluphenazine dihydrochloride,OCCN1CCN(CCCN2c3ccccc3Sc3ccc(cc23)C(F)(F)F)CC1.Cl.Cl,solo_cribado,False,12.24,,False,False,,,,4.2857,concordancia_negativa
Acinetobacter baumannii,A_coleccion_clinica,CO-ADD:0164859,XMAYWYJOQHXEEK-OZXSUGGESA-N,Ketoconazole,CC(=O)N1CCN(CC1)c1ccc(OC[C@H]2CO[C@@](Cn3ccnc3)(O2)c2ccc(Cl)cc2Cl)cc1,mic_confirmado,False,11.47,,False,True,,,,4.2829,concordancia_negativa
Acinetobacter baumannii,A_coleccion_clinica,CO-ADD:0164996,XSFJVAJPIHIPKU-XWCQMRHXSA-N,Flunisolide,CC1(C)O[C@@H]2C[C@H]3[C@@H]4C[C@H](F)C5=CC(=O)C=C[C@]5(C)[C@H]4[C@@H](O)C[C@]3(C)[C@@]2(O1)C(=O)CO,solo_cribado,False,20.61,,False,False,,,,4.2824,concordancia_negativa
Acinetobacter baumannii,B_transferencia_entre_patogenos,CHEMBL1255666,UDHCJQLFFYNMNT-UHFFFAOYSA-N,DIOSPYRONE,CC1=C(c2c(C)cc(O)c3c2C(=O)C(c2c(O)c4c(C)cccc4oc2=O)=C(c2c(O)c4c(C)cccc4oc2=O)C3=O)C(=O)c2c(O)cccc2C1=O,sin_medida,False,,,False,False,Klebsiella pneumoniae,5.557902819122817,,4.2823,hipotesis_transferencia
Acinetobacter baumannii,A_coleccion_clinica,CO-ADD:0164752,BWHLPLXXIDYSNW-UHFFFAOYSA-N,Ketorolac tromethamine,OC(=O)C1CCn2c1ccc2C(=O)c1ccccc1.NC(CO)(CO)CO,solo_cribado,False,16.5,,False,False,,,,4.2774,concordancia_negativa
Acinetobacter baumannii,A_coleccion_clinica,CO-ADD:0164675,QAOAOVKBIIKRNL-UHFFFAOYSA-N,MK 886,CC(C)c1ccc2n(Cc3ccc(Cl)cc3)c(CC(C)(C)C(O)=O)c(SC(C)(C)C)c2c1,solo_cribado,False,7.2,,False,False,,,,4.2741,concordancia_negativa
Acinetobacter baumannii,A_coleccion_clinica,CO-ADD:0164418,WVNOAGNOIPTWPT-NDUABGMUSA-N,Oxiconazole nitrate,Clc1ccc(CO\N=C(/Cn2ccnc2)c2ccc(Cl)cc2Cl)c(Cl)c1.O[N+](=O)[O-],mic_confirmado,False,13.46,,False,True,,,,4.272,concordancia_negativa
Acinetobacter baumannii,A_coleccion_clinica,CO-ADD:0164683,NPIJXCQZLFKBMV-TZJMVAHLSA-L,Pancuronium dibromide,CC(=O)OC1C(C[C@H]2C3CC[C@H]4C[C@H](OC(=O)C)C(CC4(C)[C@H]3CCC12C)[N+]5(C)CCCCC5)[N+]6(C)CCCCC6.[Br-].[Br-],solo_cribado,False,18.65,,False,False,,,,4.2693,concordancia_negativa
Acinetobacter baumannii,A_coleccion_clinica,CO-ADD:0164519,YJGVMLPVUAXIQN-XVVDYKMHSA-N,Podofilox,COc1cc(cc(OC)c1OC)[C@H]1[C@@H]2[C@H](COC2=O)[C@@H](O)c2cc3OCOc3cc12,solo_cribado,False,14.46,,False,False,,,,4.2676,concordancia_negativa
Acinetobacter baumannii,A_coleccion_clinica,CO-ADD:0164484,MCCACAIVAXEFAL-UHFFFAOYSA-N,Miconazole nitrate,Clc1ccc(COC(Cn2ccnc2)c2ccc(Cl)cc2Cl)c(Cl)c1.O[N+](=O)[O-],mic_confirmado,False,22.49,,False,True,,,,4.2659,concordancia_negativa
Acinetobacter baumannii,A_coleccion_clinica,CO-ADD:0164573,GLLXELVDCIFBPA-UHFFFAOYSA-M,Atracurium besylate,COc1ccc(CC2c3cc(OC)c(OC)cc3CC[N+]2(C)CCC(=O)OCCCCCOC(=O)CC[N+]4(C)CCc5cc(OC)c(OC)cc5C4Cc6ccc(OC)c(OC)c6)cc1OC.[O-]S(=O)(=O)c1ccccc1,solo_cribado,False,8.38,,False,False,,,,4.2647,concordancia_negativa
Acinetobacter baumannii,A_coleccion_clinica,CO-ADD:0164576,VKHAHZOOUSRJNA-GCNJZUOMSA-N,RU-486,CC#C[C@]1(O)CC[C@H]2[C@@H]3CCC4=CC(=O)CCC4=C3[C@H](C[C@]12C)c1ccc(cc1)N(C)C,solo_cribado,False,4.18,,False,False,,,,4.2642,concordancia_negativa
Acinetobacter baumannii,A_coleccion_clinica,CO-ADD:0164401,ZWTAUKBOBNCWLR-LWLMTPJXSA-N,SB 205607 dihydrobromide,CN1CC[C@@]2(Cc3nc4ccccc4cc3C[C@H]2C1)c1cccc(O)c1.O.Br.Br,solo_cribado,False,13.22,,False,False,,,,4.2636,concordancia_negativa
Acinetobacter baumannii,A_coleccion_clinica,CO-ADD:0164467,CRJHBCPQHRVYBS-UHFFFAOYSA-N,Mesoridazine besylate,CN1CCCCC1CCN1c2ccccc2Sc2ccc(cc12)S(C)=O.OS(=O)(=O)c1ccccc1,solo_cribado,False,5.37,,False,False,,,,4.2633,concordancia_negativa
Acinetobacter baumannii,A_coleccion_clinica,CO-ADD:0164466,VLARUOGDXDTHEH-UHFFFAOYSA-L,Cromolyn sodium,OC(COc1cccc2oc(cc(=O)c12)C(=O)[O-])COc3cccc4oc(cc(=O)c34)C(=O)[O-].[Na+].[Na+],solo_cribado,False,6.23,,False,False,,,,4.2632,concordancia_negativa
Acinetobacter baumannii,A_coleccion_clinica,CO-ADD:0164488,XLBIBBZXLMYSFF-UHFFFAOYSA-M,Propantheline bromide,CC(C)[N+](C)(CCOC(=O)C1c2ccccc2Oc2ccccc12)C(C)C.[Br-],solo_cribado,False,14.79,,False,False,,,,4.2611,concordancia_negativa
Acinetobacter baumannii,A_coleccion_clinica,CO-ADD:0164473,IWEQQRMGNVVKQW-OQKDUQJOSA-N,Toremifene citrate,CN(C)CCOc1ccc(cc1)C(=C(\CCCl)c1ccccc1)\c1ccccc1.OC(=O)CC(O)(CC(=O)O)C(=O)O,solo_cribado,False,2.98,,False,False,,,,4.2591,concordancia_negativa
Acinetobacter baumannii,A_coleccion_clinica,CO-ADD:0164672,WORCCYVLMMTGFR-UHFFFAOYSA-M,Loxoprofen sodium,CC(C([O-])=O)c1ccc(CC2CCCC2=O)cc1.[Na+],solo_cribado,False,2.03,,False,False,,,,4.258,concordancia_negativa
Acinetobacter baumannii,A_coleccion_clinica,CO-ADD:0164442,LOUPRKONTZGTKE-LHHVKLHASA-N,Quinidine,COc1ccc2nccc([C@H](O)[C@H]3C[C@@H]4CCN3C[C@@H]4C=C)c2c1,solo_cribado,False,8.31,,False,False,,,,4.2571,concordancia_negativa
Acinetobacter baumannii,A_coleccion_clinica,CO-ADD:0164618,PAANKGSMSCGEOJ-VMKOJIKDSA-N,Formoterol fumarate dihydrate,COc1ccc(C[C@H](C)NC[C@@H](O)c2ccc(O)c(NC=O)c2)cc1.O.O.OC(=O)/C=C/C(=O)O,solo_cribado,False,12.67,,False,False,,,,4.2568,concordancia_negativa
Acinetobacter baumannii,A_coleccion_clinica,CO-ADD:0164988,BPLBGHOLXOTWMN-UHFFFAOYSA-N,Penicillin V,CC1(C)SC2C(NC(=O)COc3ccccc3)C(=O)N2C1C(O)=O,mic_confirmado,False,10.8,,True,False,,,,4.2564,concordancia_negativa
Acinetobacter baumannii,A_coleccion_clinica,CO-ADD:0164703,RCKCYCDBDYUIGM-LFMHJWGUSA-N,Tremulacin,OC[C@H]1O[C@@H](Oc2ccccc2COC(=O)C2(O)C=CCCC2=O)[C@H](OC(=O)c2ccccc2)[C@@H](O)[C@@H]1O,solo_cribado,False,30.98,,False,False,,,,4.2553,concordancia_negativa
Acinetobacter baumannii,A_coleccion_clinica,CO-ADD:0164973,CYLGPNGMJHSIPL-VWDRLOGHSA-N,Rimcazole dihydrochloride,C[C@H]1CN(CCCn2c3ccccc3c3ccccc23)C[C@@H](C)N1.O.Cl,solo_cribado,False,11.4,,False,False,,,,4.2544,concordancia_negativa
Acinetobacter baumannii,A_coleccion_clinica,CO-ADD:0164884,PJLVTVAIERNDEQ-BTJKTKAUSA-N,Irsogladine maleate,Nc1nc(N)nc(n1)-c1cc(Cl)ccc1Cl.OC(=O)/C=C\C(=O)O,solo_cribado,False,4.22,,False,False,,,,4.2539,concordancia_negativa
Acinetobacter baumannii,A_coleccion_clinica,CO-ADD:0164750,AVGYWQBCYZHHPN-CYJZLJNKSA-N,Cephalexin hydrate,CC1=C(N2[C@H](SC1)[C@H](NC(=O)[C@H](N)c1ccccc1)C2=O)C(O)=O.O,solo_cribado,False,-10.13,,False,False,,,,4.2537,concordancia_negativa
Acinetobacter baumannii,A_coleccion_clinica,CO-ADD:0164425,RICLFGYGYQXUFH-UHFFFAOYSA-N,Buspirone hydrochloride,O=C1CC2(CCCC2)CC(=O)N1CCCCN1CCN(CC1)c1ncccn1.Cl,solo_cribado,False,11.48,,False,False,,,,4.2515,concordancia_negativa
Acinetobacter baumannii,A_coleccion_clinica,CO-ADD:0164468,NDDAHWYSQHTHNT-UHFFFAOYSA-N,Indapamide,CC1Cc2ccccc2N1NC(=O)c1ccc(Cl)c(c1)S(N)(=O)=O,solo_cribado,False,6.26,,False,False,,,,4.2506,concordancia_negativa
Acinetobacter baumannii,A_coleccion_clinica,CO-ADD:0164448,RETIMRUQNCDCQB-UHFFFAOYSA-N,Mepivacaine hydrochloride,CN1CCCCC1C(=O)Nc1c(C)cccc1C.Cl,solo_cribado,False,12.98,,False,False,,,,4.2488,concordancia_negativa
Acinetobacter baumannii,A_coleccion_clinica,CO-ADD:0164635,STTADZBLEUMJRG-IKNOHUQMSA-N,"Dextromethorphan hydrobromide, monohydrate",COc1ccc2C[C@H]3[C@H]4CCCC[C@@]4(CCN3C)c2c1.O.Br,solo_cribado,False,17.98,,False,False,,,,4.2459,concordancia_negativa
Acinetobacter baumannii,A_coleccion_clinica,CO-ADD:0164677,QICQDZXGZOVTEF-MELYUZJYSA-N,Indatraline hydrochloride,CN[C@@H]1C[C@H](c2ccccc12)c1ccc(Cl)c(Cl)c1.Cl,solo_cribado,False,1.08,,False,False,,,,4.2442,concordancia_negativa
Acinetobacter baumannii,A_coleccion_clinica,CO-ADD:0164765,RAPZEAPATHNIPO-UHFFFAOYSA-N,Risperidone,Cc1nc2CCCCn2c(=O)c1CCN1CCC(CC1)c1noc2cc(F)ccc12,solo_cribado,False,4.12,,False,False,,,,4.2433,concordancia_negativa
Acinetobacter baumannii,A_coleccion_clinica,CO-ADD:0164760,TYZROVQLWOKYKF-ZDUSSCGKSA-N,Linezolid,CC(=O)NC[C@H]1CN(C(=O)O1)c1ccc(N2CCOCC2)c(F)c1,mic_confirmado,False,15.4,,False,True,,,,4.2425,concordancia_negativa
Acinetobacter baumannii,A_coleccion_clinica,CO-ADD:0164613,OXCMYAYHXIHQOA-UHFFFAOYSA-N,Losartan potassium,CCCCc1nc(Cl)c(CO)n1Cc1ccc(cc1)-c1ccccc1-c1nnn[n-]1.[K+],solo_cribado,False,5.11,,False,False,,,,4.2424,concordancia_negativa
Acinetobacter baumannii,A_coleccion_clinica,CO-ADD:0164508,MINDHVHHQZYEEK-HBBNESRFSA-N,Mupirocin,C[C@H](O)[C@H](C)[C@@H]1O[C@H]1C[C@H]1CO[C@@H](C\C(C)=C\C(=O)OCCCCCCCCC(O)=O)[C@H](O)[C@@H]1O,mic_confirmado,False,6.57,,False,True,,,,4.2421,concordancia_negativa
Acinetobacter baumannii,A_coleccion_clinica,CO-ADD:0164841,GJOHLWZHWQUKAU-UHFFFAOYSA-N,Primaquine diphosphate,COc1cc(NC(C)CCCN)c2ncccc2c1.OP(=O)(O)O.OP(=O)(O)O,mic_confirmado,False,9.27,,False,True,,,,4.2408,concordancia_negativa
Acinetobacter baumannii,A_coleccion_clinica,CO-ADD:0164732,FRQMUZJSZHZSGN-HBNHAYAOSA-N,Medroxyprogesterone,C[C@H]1C[C@H]2[C@@H]3CC[C@](O)(C(C)=O)[C@@]3(C)CC[C@@H]2[C@@]2(C)CCC(=O)C=C12,solo_cribado,False,27.35,,False,False,,,,4.2365,concordancia_negativa
Acinetobacter baumannii,B_transferencia_entre_patogenos,CHEMBL1200971,FUBBGQLTSCSAON-PBFPGSCMSA-N,CEPHALOGLYCIN,CC(=O)OCC1=C(C(=O)O)N2C(=O)[C@@H](NC(=O)[C@H](N)c3ccccc3)[C@H]2SC1,sin_medida,False,,,False,False,Klebsiella pneumoniae,5.116556329938005,,4.2345,hipotesis_transferencia
Acinetobacter baumannii,B_transferencia_entre_patogenos,CHEMBL659,ASUTZQLVASHGKV-JDFRZJQESA-N,GALANTAMINE,COc1ccc2c3c1O[C@H]1C[C@@H](O)C=C[C@@]31CCN(C)C2,sin_medida,False,,,False,False,Klebsiella pneumoniae,5.666033114160875,,4.2336,hipotesis_transferencia
Acinetobacter baumannii,A_coleccion_clinica,CO-ADD:0164453,DDUHZTYCFQRHIY-RBHXEPJQSA-N,Griseofulvin,COC1=CC(=O)C[C@@H](C)[C@]11Oc2c(C1=O)c(OC)cc(OC)c2Cl,solo_cribado,False,21.48,,False,False,,,,4.2324,concordancia_negativa
Acinetobacter baumannii,A_coleccion_clinica,CO-ADD:0164759,CEUORZQYGODEFX-UHFFFAOYSA-N,Aripiprazole,Clc1cccc(N2CCN(CCCCOc3ccc4CCC(=O)Nc4c3)CC2)c1Cl,solo_cribado,False,14.8,,False,False,,,,4.2322,concordancia_negativa
Acinetobacter baumannii,A_coleccion_clinica,CO-ADD:0164435,OYFJQPXVCSSHAI-BMSLDGIRSA-N,Enalapril maleate,CCOC(=O)[C@@H](CCc1ccccc1)N[C@@H](C)C(=O)N1CCC[C@H]1C(O)=O.OC(=O)/C=C\C(=O)O,solo_cribado,False,1.23,,False,False,,,,4.2317,concordancia_negativa
Acinetobacter baumannii,A_coleccion_clinica,CO-ADD:0164667,OBWGMKKHCLHVIE-UHFFFAOYSA-N,Fluperlapine,CN1CCN(CC1)C1=Nc2cc(F)ccc2Cc2ccccc12,solo_cribado,False,16.87,,False,False,,,,4.2311,concordancia_negativa
Acinetobacter baumannii,A_coleccion_clinica,CO-ADD:0164821,KJONHKAYOJNZEC-UHFFFAOYSA-N,Nitrazepam,[O-][N+](=O)c1ccc2NC(=O)CN=C(c3ccccc3)c2c1,solo_cribado,False,3.8,,False,False,,,,4.2306,concordancia_negativa
Acinetobacter baumannii,A_coleccion_clinica,CO-ADD:0164783,JRRNZNSGDSFFIR-UHFFFAOYSA-M,Mepenzolate bromide,C[N+]1(C)CCCC(C1)OC(=O)C(O)(c1ccccc1)c1ccccc1.[Br-],solo_cribado,False,14.59,,True,False,,,,4.2304,concordancia_negativa
Acinetobacter baumannii,A_coleccion_clinica,CO-ADD:0164566,DMKSVUSAATWOCU-HROMYWEYSA-N,Loteprednol etabonate,CCOC(=O)O[C@@]1(CC[C@H]2[C@@H]3CCC4=CC(=O)C=C[C@]4(C)[C@H]3[C@@H](O)C[C@]12C)C(=O)OCCl,solo_cribado,False,16.35,,False,False,,,,4.2282,concordancia_negativa
Acinetobacter baumannii,A_coleccion_clinica,CO-ADD:0164934,LHAPIGUPZIFFMA-XOGXUEEYSA-N,Naltrindole hydrochloride hydrate,Oc1ccc2CC3N(CC4CC4)CC[C@]5([C@H]6Oc1c25)[C@@]3(O)Cc7c6[nH]c8ccccc78.O.Cl,solo_cribado,False,12.62,,False,False,,,,4.2276,concordancia_negativa
Acinetobacter baumannii,A_coleccion_clinica,CO-ADD:0165065,UREBDLICKHMUKA-CXSFZGCWSA-N,Dexamethasone,C[C@@H]1C[C@H]2[C@@H]3CCC4=CC(=O)C=C[C@]4(C)[C@@]3(F)[C@@H](O)C[C@]2(C)[C@@]1(O)C(=O)CO,solo_cribado,False,2.35,,False,False,,,,4.2245,concordancia_negativa
Acinetobacter baumannii,A_coleccion_clinica,CO-ADD:0164572,FAEKWTJYAYMJKF-QHCPKHFHSA-N,Repaglinide,CCOc1cc(CC(=O)N[C@@H](CC(C)C)c2ccccc2N2CCCCC2)ccc1C(O)=O,solo_cribado,False,6.11,,False,False,,,,4.2243,concordancia_negativa
Acinetobacter baumannii,A_coleccion_clinica,CO-ADD:0164706,HDACQVRGBOVJII-JBDAPHQKSA-N,Ramipril,CCOC(=O)[C@H](CCc1ccccc1)N[C@@H](C)C(=O)N1[C@H]2CCC[C@H]2C[C@H]1C(O)=O,solo_cribado,False,53.62,,False,False,,,,4.2243,concordancia_negativa
Acinetobacter baumannii,A_coleccion_clinica,CO-ADD:0164575,DGSOIJWNAUUBKY-IZGBBBPTSA-N,3'-Deoxydenosine,Nc1ncnc2n(cnc12)[C@@H]1O[C@H](CO)C[C@@H]1O.O,solo_cribado,False,10.96,,False,False,,,,4.2234,concordancia_negativa
Acinetobacter baumannii,A_coleccion_clinica,CO-ADD:0165061,GZENKSODFLBBHQ-ILSZZQPISA-N,Medrysone,C[C@H]1C[C@H]2[C@@H]3CC[C@H](C(C)=O)[C@@]3(C)C[C@H](O)[C@@H]2[C@@]2(C)CCC(=O)C=C12,solo_cribado,False,10.79,,False,False,,,,4.2229,concordancia_negativa
Acinetobacter baumannii,A_coleccion_clinica,CO-ADD:0164622,KILKDKRQBYMKQX-MIPPOABVSA-N,Benidipine hydrochloride,COC(=O)C1=C(C)NC(C)=C([C@@H]1c1cccc(c1)[N+]([O-])=O)C(=O)O[C@@H]1CCCN(Cc2ccccc2)C1.Cl,solo_cribado,False,29.02,,False,False,,,,4.2229,concordancia_negativa
Acinetobacter baumannii,A_coleccion_clinica,CO-ADD:0164485,IBBLRJGOOANPTQ-JKVLGAQCSA-N,Quinapril hydrochloride,CCOC(=O)[C@H](CCc1ccccc1)N[C@@H](C)C(=O)N1Cc2ccccc2C[C@H]1C(O)=O.Cl,solo_cribado,False,14.62,,False,False,,,,4.2199,concordancia_negativa
Acinetobacter baumannii,A_coleccion_clinica,CO-ADD:0164773,HYFHYPWGAURHIV-JFIAXGOJSA-N,Homoharringtonine,COC(=O)C[C@](O)(CCCC(C)(C)O)C(=O)O[C@H]1[C@H]2c3cc4OCOc4cc3CCN3CCC[C@]23C=C1OC,solo_cribado,False,11.81,,False,False,,,,4.2191,concordancia_negativa
Acinetobacter baumannii,A_coleccion_clinica,CO-ADD:0164439,RKUNBYITZUJHSG-PJPHBNEVSA-N,Atropine,CN1[C@H]2CC[C@@H]1CC(C2)OC(=O)C(CO)c1ccccc1,solo_cribado,False,4.94,,False,False,,,,4.2182,concordancia_negativa
Acinetobacter baumannii,A_coleccion_clinica,CO-ADD:0164489,POUMFISTNHIPTI-DKEHCADZSA-N,Lincomycin hydrochloride,CCC[C@@H]1C[C@H](N(C)C1)C(=O)N[C@H]([C@@H](C)O)[C@H]1O[C@H](SC)[C@H](O)[C@@H](O)[C@@H]1O.Cl,solo_cribado,False,18.45,,False,False,,,,4.2164,concordancia_negativa
Acinetobacter baumannii,A_coleccion_clinica,CO-ADD:0165000,GFBKORZTTCHDGY-UWVJOHFNSA-N,Thiothixene,CN(C)S(=O)(=O)c1ccc2Sc3ccccc3\C(=C\CCN3CCN(C)CC3)c2c1,solo_cribado,False,4.76,,False,False,,,,4.2154,concordancia_negativa
Acinetobacter baumannii,A_coleccion_clinica,CO-ADD:0164520,XRECTZIEBJDKEO-UHFFFAOYSA-N,Flucytosine,Nc1nc(O)ncc1F,mic_confirmado,False,12.38,,False,True,,,,4.215,concordancia_negativa
Acinetobacter baumannii,A_coleccion_clinica,CO-ADD:0164400,XOGTZOOQQBDUSI-UHFFFAOYSA-M,Mesna,[O-]S(=O)(=O)CCS.[Na+],solo_cribado,False,6.26,,False,False,,,,4.2127,concordancia_negativa
Acinetobacter baumannii,A_coleccion_clinica,CO-ADD:0164537,GDLBFKVLRPITMI-UHFFFAOYSA-N,Diazoxide,CC1=NS(=O)(=O)c2cc(Cl)ccc2N1,solo_cribado,False,17.15,,False,False,,,,4.2116,concordancia_negativa
Acinetobacter baumannii,A_coleccion_clinica,CO-ADD:0164751,WOXKDUGGOYFFRN-IIBYNOLFSA-N,Tadalafil,CN1CC(=O)N2[C@H](Cc3c([nH]c4ccccc34)[C@H]2c2ccc3OCOc3c2)C1=O,solo_cribado,False,15.72,,False,False,,,,4.2103,concordancia_negativa
Acinetobacter baumannii,A_coleccion_clinica,CO-ADD:0164929,RWTWIZDKEIWLKQ-YPYJQMNVSA-N,Dextrorphan D-tartrate,CN1CC[C@]23CCCC[C@@H]3[C@@H]1Cc4ccc(O)cc42.OC(C(O)C(=O)O)C(=O)O,solo_cribado,False,14.64,,False,False,,,,4.2086,concordancia_negativa
Acinetobacter baumannii,A_coleccion_clinica,CO-ADD:0164743,SGRYPYWGNKJSDL-UHFFFAOYSA-N,Amlexanox,CC(C)c1ccc2oc3nc(N)c(cc3c(=O)c2c1)C(O)=O,solo_cribado,False,21.06,,False,False,,,,4.2086,concordancia_negativa
Acinetobacter baumannii,A_coleccion_clinica,CO-ADD:0164980,UHDGCWIWMRVCDJ-CCXZUQQUSA-N,Cytarabine,Nc1ccn([C@@H]2O[C@H](CO)[C@@H](O)[C@@H]2O)c(=O)n1,solo_cribado,False,9.51,,False,False,,,,4.2052,concordancia_negativa
Acinetobacter baumannii,A_coleccion_clinica,CO-ADD:0164389,HSTZMXCBWJGKHG-CUYWLFDKSA-N,Piceid,OC[C@H]1O[C@@H](Oc2cc(O)cc(\C=C\c3ccc(O)cc3)c2)[C@H](O)[C@@H](O)[C@@H]1O,solo_cribado,False,7.23,,False,False,,,,4.2014,concordancia_negativa
Acinetobacter baumannii,A_coleccion_clinica,CO-ADD:0164801,WESWYMRNZNDGBX-YLCXCWDSSA-N,Mefloquine hydrochloride,O[C@H]([C@H]1CCCCN1)c1cc(nc2c(cccc12)C(F)(F)F)C(F)(F)F.Cl,solo_cribado,False,14.68,,False,False,,,,4.1979,concordancia_negativa
Acinetobacter baumannii,A_coleccion_clinica,CO-ADD:0164699,WDQPAMHFFCXSNU-BGABXYSRSA-N,Clofazimine,CC(C)\N=c1/cc2n(-c3ccc(Cl)cc3)c3ccccc3nc2cc1Nc1ccc(Cl)cc1,mic_confirmado,False,36.36,,False,True,,,,4.1969,concordancia_negativa
Acinetobacter baumannii,A_coleccion_clinica,CO-ADD:0164882,ITPDYQOUSLNIHG-UHFFFAOYSA-N,Amiodarone hydrochloride,CCCCc1oc2ccccc2c1C(=O)c1cc(I)c(OCCN(CC)CC)c(I)c1.Cl,mic_confirmado,False,3.5,,True,False,,,,4.1958,concordancia_negativa
Acinetobacter baumannii,A_coleccion_clinica,CO-ADD:0164833,LRJOMUJRLNCICJ-JZYPGELDSA-N,Prednisolone acetate,CC(=O)OCC(=O)[C@@]1(O)CC[C@H]2[C@@H]3CCC4=CC(=O)C=C[C@]4(C)[C@H]3[C@@H](O)C[C@]12C,solo_cribado,False,16.93,,False,False,,,,4.194,concordancia_negativa
Acinetobacter baumannii,A_coleccion_clinica,CO-ADD:0164388,VOVIALXJUBGFJZ-KWVAZRHASA-N,Budesonide,CCCC1O[C@@H]2C[C@H]3[C@@H]4CCC5=CC(=O)C=C[C@]5(C)[C@H]4[C@@H](O)C[C@]3(C)[C@@]2(O1)C(=O)CO,solo_cribado,False,4.71,,False,False,,,,4.1928,concordancia_negativa
Acinetobacter baumannii,A_coleccion_clinica,CO-ADD:0164397,NGBFQHCMQULJNZ-UHFFFAOYSA-N,Torasemide,CC(C)NC(=O)NS(=O)(=O)c1cnccc1Nc1cccc(C)c1,solo_cribado,False,3.65,,False,False,,,,4.1919,concordancia_negativa
Acinetobacter baumannii,A_coleccion_clinica,CO-ADD:0164956,YZLZPSJXMWGIFH-CZZYJPIASA-N,Nalbuphine hydrochloride,OC1CC[C@@]2(O)[C@H]3Cc4ccc(O)c5OC1[C@]2(CCN3CC1CCC1)c45.Cl,solo_cribado,False,17.84,,False,False,,,,4.1903,concordancia_negativa
Acinetobacter baumannii,A_coleccion_clinica,CO-ADD:0164632,CVKUMNRCIJMVAR-UHFFFAOYSA-N,Fenoldopam mesylate,Oc1ccc(cc1)C2CNCCc3c(Cl)c(O)c(O)cc23.CS(=O)(=O)O,solo_cribado,False,12.84,,False,False,,,,4.1895,concordancia_negativa
Acinetobacter baumannii,A_coleccion_clinica,CO-ADD:0164817,ITRJWOMZKQRYTA-RFZYENFJSA-N,Cortisone acetate,CC(=O)OCC(=O)[C@@]1(O)CC[C@H]2[C@@H]3CCC4=CC(=O)CC[C@]4(C)[C@H]3C(=O)C[C@]12C,solo_cribado,False,12.77,,False,False,,,,4.1891,concordancia_negativa
Acinetobacter baumannii,A_coleccion_clinica,CO-ADD:0164932,NPAGDVCDWIYMMC-IZPLOLCNSA-N,19-Nortestosterone,C[C@]12CC[C@H]3[C@@H](CCC4=CC(=O)CC[C@H]34)[C@@H]1CC[C@@H]2O,solo_cribado,False,5.8,,False,False,,,,4.1868,concordancia_negativa
Acinetobacter baumannii,A_coleccion_clinica,CO-ADD:0164897,NBMKJKDGKREAPL-WOOYFSPWSA-N,Beclomethasone,CC1CC2C3CCC4=CC(=O)C=CC4(C)[C@@]3(Cl)C(O)CC2(C)C1(O)C(=O)CO,solo_cribado,False,10.12,,False,False,,,,4.1866,concordancia_negativa
Acinetobacter baumannii,A_coleccion_clinica,CO-ADD:0164534,PLYSCVSCYOQVRP-UHFFFAOYSA-N,Midazolam hydrochloride,Cc1ncc2CN=C(c3ccccc3F)c3cc(Cl)ccc3-n12.Cl,solo_cribado,False,11.86,,False,False,,,,4.1865,concordancia_negativa
Acinetobacter baumannii,A_coleccion_clinica,CO-ADD:0164536,IPOKCKJONYRRHP-UHFFFAOYSA-N,Balsalazide,OC(=O)CCNC(=O)c1ccc(cc1)N=Nc1ccc(O)c(c1)C(O)=O,solo_cribado,False,8.38,,False,False,,,,4.183,concordancia_negativa
Acinetobacter baumannii,A_coleccion_clinica,CO-ADD:0164378,GJPPHXDWMLTXLS-UHFFFAOYSA-N,MDL 73005EF hydrochloride,O=C1CC2(CCCC2)CC(=O)N1CCNCC1COc2ccccc2O1.Br.Br,solo_cribado,False,13.7,,False,False,,,,4.1825,concordancia_negativa
Acinetobacter baumannii,A_coleccion_clinica,CO-ADD:0164369,MFYSYFVPBJMHGN-ZPOLXVRWSA-N,Cortisone,C[C@]12CC(=O)[C@H]3[C@@H](CCC4=CC(=O)CC[C@]34C)[C@@H]1CC[C@]2(O)C(=O)CO,solo_cribado,False,19.36,,False,False,,,,4.1802,concordancia_negativa
Acinetobacter baumannii,A_coleccion_clinica,CO-ADD:0164405,GMVPRGQOIOIIMI-DWKJAMRDSA-N,Prostaglandin E1,CCCCC[C@H](O)\C=C\[C@H]1[C@H](O)CC(=O)[C@@H]1CCCCCCC(O)=O,solo_cribado,False,6.38,,False,False,,,,4.18,concordancia_negativa
Acinetobacter baumannii,A_coleccion_clinica,CO-ADD:0164756,WNMJYKCGWZFFKR-UHFFFAOYSA-N,Alfuzosin,COc1cc2nc(nc(N)c2cc1OC)N(C)CCCNC(=O)C1CCCO1,solo_cribado,False,13.27,,False,False,,,,4.1794,concordancia_negativa
Acinetobacter baumannii,A_coleccion_clinica,CO-ADD:0164592,LOGVKVSFYBBUAJ-UHFFFAOYSA-N,Lomerizine dihydrochloride,COc1ccc(CN2CCN(CC2)C(c2ccc(F)cc2)c2ccc(F)cc2)c(OC)c1OC.Cl.Cl,solo_cribado,False,6.79,,False,False,,,,4.1783,concordancia_negativa
Acinetobacter baumannii,A_coleccion_clinica,CO-ADD:0164914,SWJFAAOLULPTRH-XOGXUEEYSA-N,SDM25N hydrochloride,CC(=C)CN1CC[C@@]23[C@H]4Oc5c2c(CC1[C@]3(O)Cc1c4[nH]c2ccccc12)ccc5O.O.Cl,solo_cribado,False,7.22,,False,False,,,,4.1776,concordancia_negativa
Acinetobacter baumannii,A_coleccion_clinica,CO-ADD:0164463,HBOMLICNUCNMMY-XLPZGREQSA-N,Zidovudine,Cc1cn([C@H]2C[C@H](N=[N+]=[N-])[C@@H](CO)O2)c(=O)[nH]c1=O,mic_confirmado,False,14.43,,True,False,,,,4.1748,concordancia_negativa
Acinetobacter baumannii,A_coleccion_clinica,CO-ADD:0164511,OELFLUMRDSZNSF-BRWVUGGUSA-N,Nateglinide,CC(C)[C@H]1CC[C@@H](CC1)C(=O)N[C@H](Cc1ccccc1)C(O)=O,solo_cribado,False,11.33,,False,False,,,,4.1735,concordancia_negativa
Acinetobacter baumannii,B_transferencia_entre_patogenos,CHEMBL107217,IOEJYZSZYUROLN-UHFFFAOYSA-M,DITIOCARB SODIUM,CCN(CC)C(=S)[S-].[Na+],sin_medida,False,,,False,False,Klebsiella pneumoniae,6.7388211330076935,,4.1729,hipotesis_transferencia
Acinetobacter baumannii,A_coleccion_clinica,CO-ADD:0165050,AIKVCUNQWYTVTO-UHFFFAOYSA-N,Nicardipine hydrochloride,COC(=O)C1=C(C)NC(C)=C(C1c1cccc(c1)[N+]([O-])=O)C(=O)OCCN(C)Cc1ccccc1.Cl,solo_cribado,False,3.41,,False,False,,,,4.1725,concordancia_negativa
Acinetobacter baumannii,A_coleccion_clinica,CO-ADD:0165022,ALEXXDVDDISNDU-JZYPGELDSA-N,Cortisol 21-acetate,CC(=O)OCC(=O)[C@@]1(O)CC[C@H]2[C@@H]3CCC4=CC(=O)CC[C@]4(C)[C@H]3[C@@H](O)C[C@]12C,solo_cribado,False,18.68,,False,False,,,,4.1709,concordancia_negativa
Acinetobacter baumannii,A_coleccion_clinica,CO-ADD:0164679,SUFUKZSWUHZXAV-BTJKTKAUSA-N,Rosiglitazone maleate,CN(CCOc1ccc(CC2SC(=O)NC2=O)cc1)c1ccccn1.OC(=O)/C=C\C(=O)O,solo_cribado,False,11.6,,False,False,,,,4.1691,concordancia_negativa
Acinetobacter baumannii,A_coleccion_clinica,CO-ADD:0164950,FASDKYOPVNHBLU-ZETCQYMHSA-N,Pramipexole,CCCN[C@H]1CCc2nc(N)sc2C1,solo_cribado,False,15.84,,False,False,,,,4.1682,concordancia_negativa
Acinetobacter baumannii,A_coleccion_clinica,CO-ADD:0164546,ANTSCNMPPGJYLG-UHFFFAOYSA-N,Chlordiazepoxide,CNC1=Nc2ccc(Cl)cc2C(c2ccccc2)=[N+]([O-])C1,solo_cribado,False,14.44,,False,False,,,,4.167,concordancia_negativa
Acinetobacter baumannii,A_coleccion_clinica,CO-ADD:0164770,ILKJAFIWWBXGDU-UHFFFAOYSA-N,Amcinonide,CC(=O)OCC(=O)C12OC3(CCCC3)OC1CC1C3CCC4=CC(=O)C=CC4(C)C3(F)C(O)CC21C,solo_cribado,False,17.26,,False,False,,,,4.1667,concordancia_negativa
Acinetobacter baumannii,B_transferencia_entre_patogenos,CHEMBL453388,RXDALBZNGVATNY-CWLIKTDRSA-N,AMPICILLIN TRIHYDRATE,CC1(C)S[C@@H]2[C@H](NC(=O)[C@H](N)c3ccccc3)C(=O)N2[C@H]1C(=O)O.O.O.O,sin_medida,False,,,False,False,Klebsiella pneumoniae,6.221848749616356,,4.1632,hipotesis_transferencia
Acinetobacter baumannii,A_coleccion_clinica,CO-ADD:0164834,VCTHNOIYJIXQLV-UHFFFAOYSA-N,Meclizine hydrochloride,Cc1cccc(CN2CCN(CC2)C(c2ccccc2)c2ccc(Cl)cc2)c1.Cl.Cl,solo_cribado,False,8.84,,False,False,,,,4.1628,concordancia_negativa
Acinetobacter baumannii,A_coleccion_clinica,CO-ADD:0164689,UBRKDAVQCKZSPO-UHFFFAOYSA-N,Otenzepad,CCN(CC)CC1CCCCN1CC(=O)N1c2ccccc2C(=O)Nc2cccnc12,solo_cribado,False,36.09,,False,False,,,,4.1627,concordancia_negativa
Acinetobacter baumannii,A_coleccion_clinica,CO-ADD:0164402,BGRJTUBHPOOWDU-NSHDSACASA-N,Levosulpiride,CCN1CCC[C@H]1CNC(=O)c1cc(ccc1OC)S(N)(=O)=O,solo_cribado,False,6.68,,False,False,,,,4.1618,concordancia_negativa
Acinetobacter baumannii,A_coleccion_clinica,CO-ADD:0164533,VWVSBHGCDBMOOT-IIEHVVJPSA-N,Desoximetasone,C[C@@H]1C[C@H]2[C@@H]3CCC4=CC(=O)C=C[C@]4(C)[C@@]3(F)[C@@H](O)C[C@]2(C)[C@H]1C(=O)CO,solo_cribado,False,8.44,,False,False,,,,4.1608,concordancia_negativa
Acinetobacter baumannii,A_coleccion_clinica,CO-ADD:0164692,BUZAJRPLUGXRAB-UHFFFAOYSA-N,AM-251,Cc1c(nn(c1-c1ccc(I)cc1)-c1ccc(Cl)cc1Cl)C(=O)NN1CCCCC1,solo_cribado,False,26.55,,False,False,,,,4.1595,concordancia_negativa
Acinetobacter baumannii,A_coleccion_clinica,CO-ADD:0164735,JAUOIFJMECXRGI-UHFFFAOYSA-N,Desloratadine,Clc1ccc2c(CCc3cccnc3C2=C2CCNCC2)c1,solo_cribado,False,23.55,,False,False,,,,4.1587,concordancia_negativa
Acinetobacter baumannii,A_coleccion_clinica,CO-ADD:0164895,VPNYRYCIDCJBOM-UHFFFAOYSA-M,Glycopyrronium bromide,C[N+]1(C)CCC(C1)OC(=O)C(O)(C1CCCC1)c1ccccc1.[Br-],solo_cribado,False,13.33,,False,False,,,,4.1538,concordancia_negativa
Acinetobacter baumannii,A_coleccion_clinica,CO-ADD:0164633,KTMLZVUAXJERAT-UHFFFAOYSA-N,Urapidil hydrochloride,COc1ccccc1N1CCN(CCCNc2cc(=O)n(C)c(=O)n2C)CC1.Cl,solo_cribado,False,19.16,,False,False,,,,4.153,concordancia_negativa
Acinetobacter baumannii,A_coleccion_clinica,CO-ADD:0164700,PMAHPMMCPXYARU-UHFFFAOYSA-N,Fenpiverinium bromide,C[N+]1(CCC(C(N)=O)(c2ccccc2)c2ccccc2)CCCCC1.[Br-],solo_cribado,False,25.98,,False,False,,,,4.1524,concordancia_negativa
Acinetobacter baumannii,A_coleccion_clinica,CO-ADD:0164745,DBMKBKPJYAHLQP-UHFFFAOYSA-N,Azasetron hydrochloride,CN1C(=O)COc2c1cc(Cl)cc2C(=O)NC1CN2CCC1CC2.Cl,solo_cribado,False,37.41,,False,False,,,,4.1516,concordancia_negativa
Acinetobacter baumannii,A_coleccion_clinica,CO-ADD:0164872,RRKTZKIUPZVBMF-IBTVXLQLSA-N,Brucine,COc1cc2N3[C@H]4[C@@H]5[C@H](CC3=O)OCC=C3CN6CC[C@]4([C@@H]6C[C@H]53)c2cc1OC,solo_cribado,False,5.67,,False,False,,,,4.1505,concordancia_negativa
Acinetobacter baumannii,A_coleccion_clinica,CO-ADD:0165005,DBABZHXKTCFAPX-UHFFFAOYSA-N,Probenecid,CCCN(CCC)S(=O)(=O)c1ccc(cc1)C(O)=O,solo_cribado,False,19.93,,False,False,,,,4.1485,concordancia_negativa
Acinetobacter baumannii,A_coleccion_clinica,CO-ADD:0164744,UQGKUQLKSCSZGY-UHFFFAOYSA-N,Olmesartan medoxomil,CCCc1nc(c(C(=O)OCc2oc(=O)oc2C)n1Cc1ccc(cc1)-c1ccccc1-c1nnn[nH]1)C(C)(C)O,solo_cribado,False,33.73,,False,False,,,,4.1481,concordancia_negativa
Acinetobacter baumannii,A_coleccion_clinica,CO-ADD:0164668,XPOQHMRABVBWPR-ZDUSSCGKSA-N,Efavirenz,FC(F)(F)[C@]1(OC(=O)Nc2ccc(Cl)cc12)C#CC1CC1,solo_cribado,False,7.84,,False,False,,,,4.1475,concordancia_negativa
Acinetobacter baumannii,A_coleccion_clinica,CO-ADD:0164972,ZQBNWMFBOSOOLX-UHFFFAOYSA-N,E-4031 dihydrochloride,Cc1cccc(CCN2CCC(CC2)C(=O)c2ccc(NS(C)(=O)=O)cc2)n1.Cl.Cl,solo_cribado,False,12.0,,False,False,,,,4.1471,concordancia_negativa
Acinetobacter baumannii,A_coleccion_clinica,CO-ADD:0165040,IMONTRJLAWHYGT-ZCPXKWAGSA-N,19-Norethindrone acetate,CC(=O)O[C@]1(CC[C@H]2[C@@H]3CCC4=CC(=O)CC[C@@H]4[C@H]3CC[C@]12C)C#C,solo_cribado,False,11.72,,False,False,,,,4.147,concordancia_negativa
Acinetobacter baumannii,A_coleccion_clinica,CO-ADD:0164945,QORVDGQLPPAFRS-XPSHAMGMSA-N,Galanthamine hydrobromide,COc1ccc2CN(C)CC[C@@]34C=C[C@H](O)C[C@@H]3Oc1c24.Br,solo_cribado,False,16.54,,False,False,,,,4.1467,concordancia_negativa
Acinetobacter baumannii,A_coleccion_clinica,CO-ADD:0164666,UKLQXHUGTKWPSR-UHFFFAOYSA-M,Oxyphenonium bromide,CC[N+](C)(CC)CCOC(=O)C(O)(C1CCCCC1)c1ccccc1.[Br-],solo_cribado,False,14.05,,False,False,,,,4.1462,concordancia_negativa
Acinetobacter baumannii,A_coleccion_clinica,CO-ADD:0164597,LKJPYSCBVHEWIU-UHFFFAOYSA-N,Bicalutamide,CC(O)(CS(=O)(=O)c1ccc(F)cc1)C(=O)Nc1ccc(C#N)c(c1)C(F)(F)F,solo_cribado,False,4.08,,False,False,,,,4.1448,concordancia_negativa
Acinetobacter baumannii,A_coleccion_clinica,CO-ADD:0164776,RVFUNJWWXKCWNS-UHFFFAOYSA-N,Metoclopramide hydrochloride,CCN(CC)CCNC(=O)c1cc(Cl)c(N)cc1OC.Cl,solo_cribado,False,3.44,,False,False,,,,4.1445,concordancia_negativa
Acinetobacter baumannii,A_coleccion_clinica,CO-ADD:0164609,FSRLGULMGJGKGI-BTJKTKAUSA-N,Trimebutine maleate,CCC(COC(=O)c1cc(OC)c(OC)c(OC)c1)(N(C)C)c1ccccc1.OC(=O)/C=C\C(=O)O,solo_cribado,False,12.52,,False,False,,,,4.1444,concordancia_negativa
Acinetobacter baumannii,A_coleccion_clinica,CO-ADD:0164570,PYTMYKVIJXPNBD-UHFFFAOYSA-N,Clomifene citrate,CCN(CC)CCOc1ccc(cc1)C(=C(Cl)c1ccccc1)c1ccccc1.OC(=O)CC(O)(CC(=O)O)C(=O)O,solo_cribado,False,10.02,,False,False,,,,4.1438,concordancia_negativa
Acinetobacter baumannii,A_coleccion_clinica,CO-ADD:0164928,TWHNMSJGYKMTRB-VEIFNGETSA-N,Tolterodine tartrate,CC(C)N(CC[C@H](c1ccccc1)c2cc(C)ccc2O)C(C)C.OC(C(O)C(=O)O)C(=O)O,solo_cribado,False,10.33,,False,False,,,,4.1416,concordancia_negativa
Acinetobacter baumannii,A_coleccion_clinica,CO-ADD:0164663,HIZFAPMOZFYELI-GNXQHMNLSA-N,Perospirone hydrochloride,O=C1[C@H]2CCCC[C@H]2C(=O)N1CCCCN1CCN(CC1)c1nsc2ccccc12.Cl,solo_cribado,False,11.31,,False,False,,,,4.1409,concordancia_negativa
Acinetobacter baumannii,A_coleccion_clinica,CO-ADD:0165037,XOFYZVNMUHMLCC-ZPOLXVRWSA-N,Prednisone,C[C@]12CC(=O)[C@H]3[C@@H](CCC4=CC(=O)C=C[C@]34C)[C@@H]1CC[C@]2(O)C(=O)CO,solo_cribado,False,17.68,,False,False,,,,4.1401,concordancia_negativa
Acinetobacter baumannii,B_transferencia_entre_patogenos,CHEMBL3317857,IOOWNWLVCOUUEX-WPRPVWTQSA-N,VABORBACTAM,O=C(O)C[C@@H]1CC[C@H](NC(=O)Cc2cccs2)B(O)O1,sin_medida,False,,,True,False,Klebsiella pneumoniae,6.694811330215867,,4.138,hipotesis_transferencia
Acinetobacter baumannii,A_coleccion_clinica,CO-ADD:0164778,RKWGIWYCVPQPMF-UHFFFAOYSA-N,Chlorpropamide,CCCNC(=O)NS(=O)(=O)c1ccc(Cl)cc1,solo_cribado,False,18.11,,False,False,,,,4.1368,concordancia_negativa
Acinetobacter baumannii,A_coleccion_clinica,CO-ADD:0164813,ULSDMUVEXKOYBU-ZDUSSCGKSA-N,Zolmitriptan,CN(C)CCc1c[nH]c2ccc(C[C@H]3COC(=O)N3)cc12,solo_cribado,False,4.59,,False,False,,,,4.1362,concordancia_negativa
Acinetobacter baumannii,A_coleccion_clinica,CO-ADD:0165033,UREBDLICKHMUKA-UHFFFAOYSA-N,Betamethasone,CC1CC2C3CCC4=CC(=O)C=CC4(C)C3(F)C(O)CC2(C)C1(O)C(=O)CO,solo_cribado,False,9.21,,False,False,,,,4.1355,concordancia_negativa
Acinetobacter baumannii,A_coleccion_clinica,CO-ADD:0165028,ZZUFCTLCJUWOSV-UHFFFAOYSA-N,Furosemide,NS(=O)(=O)c1cc(C(O)=O)c(NCc2ccco2)cc1Cl,solo_cribado,False,20.35,,False,False,,,,4.1353,concordancia_negativa
Acinetobacter baumannii,A_coleccion_clinica,CO-ADD:0164535,LKAJKIOFIWVMDJ-IYRCEVNGSA-N,Stanozolol,C[C@]1(O)CC[C@H]2[C@@H]3CC[C@H]4Cc5n[nH]cc5C[C@]4(C)[C@H]3CC[C@]12C,solo_cribado,False,10.82,,False,False,,,,4.1337,concordancia_negativa
Acinetobacter baumannii,A_coleccion_clinica,CO-ADD:0164586,NHUHCSRWZMLRLA-UHFFFAOYSA-N,Sulfisoxazole,Cc1noc(NS(=O)(=O)c2ccc(N)cc2)c1C,mic_confirmado,False,10.66,,True,False,,,,4.1324,concordancia_negativa
Acinetobacter baumannii,A_coleccion_clinica,CO-ADD:0164394,CPFJLLXFNPCTDW-UHFFFAOYSA-N,Benztropine mesylate,CN1C2CCC1CC(C2)OC(c3ccccc3)c4ccccc4.CS(=O)(=O)O,solo_cribado,False,5.7,,False,False,,,,4.1297,concordancia_negativa
Acinetobacter baumannii,A_coleccion_clinica,CO-ADD:0164935,BZVASJSWLMETJK-UHFFFAOYSA-N,Prazosin hydrochloride hydrate,COc1cc2nc(nc(N)c2cc1OC)N1CCN(CC1)C(=O)c1ccco1.O.Cl,mic_confirmado,False,7.08,,True,False,,,,4.1277,concordancia_negativa
Acinetobacter baumannii,A_coleccion_clinica,CO-ADD:0164588,IMSSROKUHAOUJS-MJCUULBUSA-N,Mestranol,COc1ccc2[C@H]3CC[C@@]4(C)[C@@H](CC[C@@]4(O)C#C)[C@@H]3CCc2c1,solo_cribado,False,11.86,,False,False,,,,4.1269,concordancia_negativa
Acinetobacter baumannii,A_coleccion_clinica,CO-ADD:0164542,FJLGEFLZQAZZCD-MCBHFWOFSA-N,Fluvastatin,CC(C)n1c(\C=C\[C@@H](O)C[C@@H](O)CC(O)=O)c(-c2ccc(F)cc2)c2ccccc12,mic_confirmado,False,17.4,,False,True,,,,4.1266,concordancia_negativa
Acinetobacter baumannii,A_coleccion_clinica,CO-ADD:0164372,PUETUDUXMCLALY-HOTGVXAUSA-N,Secoisolariciresinol,COc1cc(C[C@@H](CO)[C@H](CO)Cc2ccc(O)c(OC)c2)ccc1O,solo_cribado,False,4.3,,False,False,,,,4.1259,concordancia_negativa
Acinetobacter baumannii,A_coleccion_clinica,CO-ADD:0164977,AUZONCFQVSMFAP-UHFFFAOYSA-N,Disulfiram,CCN(CC)C(=S)SSC(=S)N(CC)CC,mic_confirmado,False,62.89,,False,True,,,,4.1255,concordancia_negativa
Acinetobacter baumannii,A_coleccion_clinica,CO-ADD:0164894,OLDRWYVIKMSFFB-SSPJITILSA-N,Palonosetron hydrochloride,O=C1N(C[C@H]2CCCc3cccc1c23)[C@@H]1CN2CCC1CC2.Cl,solo_cribado,False,10.25,,False,False,,,,4.1255,concordancia_negativa
Acinetobacter baumannii,A_coleccion_clinica,CO-ADD:0164904,SXYIRMFQILZOAM-HVNFFKDJSA-N,Artemether,CO[C@H]1O[C@@H]2O[C@@]3(C)CC[C@H]4[C@H](C)CC[C@@H]([C@H]1C)[C@@]24OO3,solo_cribado,False,12.03,,False,False,,,,4.1245,concordancia_negativa
Acinetobacter baumannii,A_coleccion_clinica,CO-ADD:0164959,OHHDIOKRWWOXMT-UHFFFAOYSA-N,Trazodone hydrochloride,Clc1cccc(c1)N1CCN(CCCn2nc3ccccn3c2=O)CC1.Cl,solo_cribado,False,14.2,,False,False,,,,4.123,concordancia_negativa
Acinetobacter baumannii,A_coleccion_clinica,CO-ADD:0164887,BCEHBSKCWLPMDN-MGPLVRAMSA-N,Voriconazole,C[C@@H](c1ncncc1F)[C@](O)(Cn1cncn1)c1ccc(F)cc1F,mic_confirmado,False,13.28,,False,True,,,,4.1223,concordancia_negativa
Acinetobacter baumannii,A_coleccion_clinica,CO-ADD:0164478,QZUDBNBUXVUHMW-UHFFFAOYSA-N,Clozapine,CN1CCN(CC1)C1=Nc2cc(Cl)ccc2Nc2ccccc12,solo_cribado,False,1.5,,False,False,,,,4.1203,concordancia_negativa
Acinetobacter baumannii,A_coleccion_clinica,CO-ADD:0164852,RQZAXGRLVPAYTJ-GQFGMJRRSA-N,Megestrol acetate,CC(=O)O[C@@]1(CC[C@H]2[C@@H]3C=C(C)C4=CC(=O)CC[C@]4(C)[C@H]3CC[C@]12C)C(C)=O,solo_cribado,False,9.23,,False,False,,,,4.1194,concordancia_negativa
Acinetobacter baumannii,A_coleccion_clinica,CO-ADD:0164764,DBEPLOCGEIEOCV-WSBQPABSSA-N,Finasteride,CC(C)(C)NC(=O)[C@H]1CC[C@H]2[C@@H]3CC[C@H]4NC(=O)C=C[C@]4(C)[C@H]3CC[C@]12C,solo_cribado,False,15.1,,False,False,,,,4.1188,concordancia_negativa
Acinetobacter baumannii,B_transferencia_entre_patogenos,CHEMBL253467,DUWPGRAKHMEPCM-IZZDOVSWSA-N,ISOBAVACHALCONE,CC(C)=CCc1c(O)ccc(C(=O)/C=C/c2ccc(O)cc2)c1O,sin_medida,False,,,True,False,Klebsiella pneumoniae,5.812078709719906,,4.1157,hipotesis_transferencia
Acinetobacter baumannii,A_coleccion_clinica,CO-ADD:0164647,MSJODEOZODDVGW-UHFFFAOYSA-N,CGS 15943,Nc1nc2ccc(Cl)cc2c2nc(nn12)-c1ccco1,solo_cribado,False,16.02,,False,False,,,,4.1128,concordancia_negativa
Acinetobacter baumannii,A_coleccion_clinica,CO-ADD:0164955,WIGIZIANZCJQQY-RUCARUNLSA-N,Glimepiride,CCC1=C(C)CN(C(=O)NCCc2ccc(cc2)S(=O)(=O)NC(=O)N[C@H]2CC[C@H](C)CC2)C1=O,solo_cribado,False,13.41,,False,False,,,,4.1118,concordancia_negativa
Acinetobacter baumannii,A_coleccion_clinica,CO-ADD:0164579,AVOLMBLBETYQHX-UHFFFAOYSA-N,Ethacrynic acid,CCC(=C)C(=O)c1ccc(OCC(O)=O)c(Cl)c1Cl,solo_cribado,False,11.3,,False,False,,,,4.1107,concordancia_negativa
Acinetobacter baumannii,A_coleccion_clinica,CO-ADD:0164516,NZFNXWQNBYZDAQ-UHFFFAOYSA-N,Thioridazine hydrochloride,CSc1ccc2Sc3ccccc3N(CCC3CCCCN3C)c2c1.Cl,solo_cribado,False,9.76,,False,False,,,,4.1105,concordancia_negativa
Acinetobacter baumannii,A_coleccion_clinica,CO-ADD:0164807,FZCHYNWYXKICIO-UHFFFAOYSA-N,Hydrocortisone 17-valerate,CCCCC(=O)OC1(CCC2C3CCC4=CC(=O)CCC4(C)C3C(O)CC12C)C(=O)CO,solo_cribado,False,4.02,,False,False,,,,4.1087,concordancia_negativa
Acinetobacter baumannii,A_coleccion_clinica,CO-ADD:0164620,LFMYNZPAVPMEGP-PIDGMYBPSA-N,Fluvoxamine maleate,COCCCC\C(=N/OCCN)c1ccc(cc1)C(F)(F)F.OC(=O)/C=C\C(=O)O,solo_cribado,False,8.03,,False,False,,,,4.1076,concordancia_negativa
Acinetobacter baumannii,A_coleccion_clinica,CO-ADD:0165013,RRJFVPUCXDGFJB-UHFFFAOYSA-N,Fexofenadine hydrochloride,CC(C)(C(O)=O)c1ccc(cc1)C(O)CCCN1CCC(CC1)C(O)(c1ccccc1)c1ccccc1.Cl,solo_cribado,False,17.28,,False,False,,,,4.1045,concordancia_negativa
Acinetobacter baumannii,A_coleccion_clinica,CO-ADD:0164373,SAXHGNLFQAIQSA-UHFFFAOYSA-N,Indomethacin hydrate,COc1ccc2n(C(=O)c3ccc(Cl)cc3)c(C)c(CC(O)=O)c2c1.O,solo_cribado,False,6.24,,False,False,,,,4.1041,concordancia_negativa
Acinetobacter baumannii,A_coleccion_clinica,CO-ADD:0164426,WIMWMKZEIBHDTH-UHFFFAOYSA-N,Clomipramine hydrochloride,CN(C)CCCN1c2ccccc2CCc2ccc(Cl)cc12.Cl,solo_cribado,False,21.88,,False,False,,,,4.1041,concordancia_negativa
Acinetobacter baumannii,A_coleccion_clinica,CO-ADD:0164998,RUZYUOTYCVRMRZ-UHFFFAOYSA-N,Doxazosin,COc1cc2nc(nc(N)c2cc1OC)N1CCN(CC1)C(=O)C1COc2ccccc2O1,solo_cribado,False,9.67,,False,False,,,,4.1038,concordancia_negativa
Acinetobacter baumannii,A_coleccion_clinica,CO-ADD:0164490,JIVPVXMEBJLZRO-UHFFFAOYSA-N,Chlorthalidone,NS(=O)(=O)c1cc(ccc1Cl)C1(O)NC(=O)c2ccccc12,solo_cribado,False,9.93,,False,False,,,,4.1038,concordancia_negativa
Acinetobacter baumannii,A_coleccion_clinica,CO-ADD:0164383,WVSBVULKJPWRBT-UHFFFAOYSA-N,5-Nonyloxytryptamine hydrochloride,CCCCCCCCCOc1ccc2[nH]cc(CCN)c2c1.Cl,mic_confirmado,False,20.15,,False,True,,,,4.1015,concordancia_negativa
Acinetobacter baumannii,A_coleccion_clinica,CO-ADD:0165031,QTAOMKOIBXZKND-UHFFFAOYSA-N,Carbidopa,CC(Cc1ccc(O)c(O)c1)(NN)C(O)=O.O,solo_cribado,False,12.51,,False,False,,,,4.0985,concordancia_negativa
Acinetobacter baumannii,A_coleccion_clinica,CO-ADD:0164681,GGYSHFFKUHGBIK-BTJKTKAUSA-N,Pizotyline maleate,CN1CCC(CC1)=C1c2ccsc2CCc2ccccc12.OC(=O)/C=C\C(=O)O,solo_cribado,False,21.61,,False,False,,,,4.0977,concordancia_negativa
Acinetobacter baumannii,A_coleccion_clinica,CO-ADD:0164498,ZJJXGWJIGJFDTL-UHFFFAOYSA-N,Glipizide,Cc1cnc(cn1)C(=O)NCCc1ccc(cc1)S(=O)(=O)NC(=O)NC1CCCCC1,solo_cribado,False,16.96,,False,False,,,,4.0971,concordancia_negativa
Acinetobacter baumannii,A_coleccion_clinica,CO-ADD:0164742,JTEJPPKMYBDEMY-UHFFFAOYSA-N,5-Methoxytryptamine,COc1ccc2[nH]cc(CCN)c2c1,solo_cribado,False,-13.25,,False,False,,,,4.0968,concordancia_negativa
Acinetobacter baumannii,A_coleccion_clinica,CO-ADD:0164822,GQWNECFJGBQMBO-UHFFFAOYSA-N,Molindone hydrochloride,CCc1c(C)[nH]c2CCC(CN3CCOCC3)C(=O)c12.Cl,solo_cribado,False,9.46,,False,False,,,,4.0963,concordancia_negativa
Acinetobacter baumannii,A_coleccion_clinica,CO-ADD:0164550,MBGXILHMHYLZJT-UHFFFAOYSA-N,Doxapram hydrochloride,CCN1CC(CCN2CCOCC2)C(C1=O)(c1ccccc1)c1ccccc1.Cl,solo_cribado,False,16.0,,False,False,,,,4.0949,concordancia_negativa
Acinetobacter baumannii,A_coleccion_clinica,CO-ADD:0164377,PQCAUHUKTBHUSA-UHFFFAOYSA-N,7-Nitroindazole,[O-][N+](=O)c1cccc2c[nH]nc12,solo_cribado,False,14.08,,False,False,,,,4.0933,concordancia_negativa
Acinetobacter baumannii,A_coleccion_clinica,CO-ADD:0164771,FSVJFNAIGNNGKK-UHFFFAOYSA-N,Praziquantel,O=C(C1CCCCC1)N1CC2N(CCc3ccccc23)C(=O)C1,solo_cribado,False,14.4,,False,False,,,,4.0928,concordancia_negativa
Acinetobacter baumannii,A_coleccion_clinica,CO-ADD:0164870,IBLNKMRFIPWSOY-FNORWQNLSA-N,Stiripentol,CC(C)(C)C(O)\C=C\c1ccc2OCOc2c1,solo_cribado,False,8.01,,False,False,,,,4.0927,concordancia_negativa
Acinetobacter baumannii,A_coleccion_clinica,CO-ADD:0164701,KJADKKWYZYXHBB-XBWDGYHZSA-N,Topiramate,CC1(C)O[C@@H]2CO[C@@]3(COS(N)(=O)=O)OC(C)(C)O[C@H]3[C@@H]2O1,solo_cribado,False,14.21,,False,False,,,,4.09,concordancia_negativa
Acinetobacter baumannii,A_coleccion_clinica,CO-ADD:0164616,KTGRHKOEFSJQNS-BDQAORGHSA-N,Escitalopram oxalate,CN(C)CCC[C@]1(OCc2cc(ccc12)C#N)c1ccc(F)cc1.OC(=O)C(=O)O,solo_cribado,False,7.25,,False,False,,,,4.0899,concordancia_negativa
Acinetobacter baumannii,A_coleccion_clinica,CO-ADD:0164737,GGXICVAJURFBLW-CEYXHVGTSA-N,Latanoprost,CC(C)OC(=O)CCC\C=C/C[C@H]1[C@@H](O)C[C@@H](O)[C@@H]1CC[C@@H](O)CCc1ccccc1,solo_cribado,False,38.15,,False,False,,,,4.0893,concordancia_negativa
Acinetobacter baumannii,A_coleccion_clinica,CO-ADD:0164571,HPJKCIUCZWXJDR-UHFFFAOYSA-N,Letrozole,N#Cc1ccc(cc1)C(c1ccc(cc1)C#N)n1cncn1,solo_cribado,False,8.9,,False,False,,,,4.0891,concordancia_negativa
Acinetobacter baumannii,A_coleccion_clinica,CO-ADD:0164793,OIRDTQYFTABQOQ-UHTZMRCNSA-N,Vidarabine,Nc1ncnc2n(cnc12)[C@@H]1O[C@H](CO)[C@@H](O)[C@@H]1O,solo_cribado,False,12.75,,False,False,,,,4.0883,concordancia_negativa
Acinetobacter baumannii,A_coleccion_clinica,CO-ADD:0165012,IHGXBAMAHRLAOP-UHFFFAOYSA-N,Minoxidil,Nc1nc(cc(=N)n1O)N1CCCCC1,solo_cribado,False,11.03,,False,False,,,,4.0868,concordancia_negativa
Acinetobacter baumannii,A_coleccion_clinica,CO-ADD:0164413,VKQFCGNPDRICFG-UHFFFAOYSA-N,Nisoldipine,COC(=O)C1=C(C)NC(C)=C(C1c1ccccc1[N+]([O-])=O)C(=O)OCC(C)C,solo_cribado,False,32.31,,False,False,,,,4.0867,concordancia_negativa
Acinetobacter baumannii,A_coleccion_clinica,CO-ADD:0164711,ACWBQPMHZXGDFX-QFIPXVFZSA-N,Valsartan,CCCCC(=O)N(Cc1ccc(cc1)-c1ccccc1-c1nn[nH]n1)[C@@H](C(C)C)C(O)=O,solo_cribado,False,30.1,,False,False,,,,4.0864,concordancia_negativa
Acinetobacter baumannii,A_coleccion_clinica,CO-ADD:0164731,VREFGVBLTWBCJP-UHFFFAOYSA-N,Alprazolam,Cc1nnc2CN=C(c3ccccc3)c3cc(Cl)ccc3-n12,solo_cribado,False,52.22,,False,False,,,,4.0863,concordancia_negativa
Acinetobacter baumannii,A_coleccion_clinica,CO-ADD:0164496,SFBODOKJTYAUCM-UHFFFAOYSA-N,Ipriflavone,CC(C)Oc1ccc2c(c1)occ(-c1ccccc1)c2=O,solo_cribado,False,14.52,,False,False,,,,4.0862,concordancia_negativa
Acinetobacter baumannii,A_coleccion_clinica,CO-ADD:0164873,QYIYFLOTGYLRGG-GPCCPHFNSA-N,Cefaclor,N[C@@H](C(=O)N[C@H]1[C@H]2SCC(Cl)=C(N2C1=O)C(O)=O)c1ccccc1,mic_confirmado,False,12.4,,False,True,,,,4.085,concordancia_negativa
Acinetobacter baumannii,A_coleccion_clinica,CO-ADD:0164965,YNQQEYBLVYAWNX-WLHGVMLRSA-N,Ketotifen fumarate,CN1CCC(CC1)=C1c2ccsc2C(=O)Cc2ccccc12.OC(=O)/C=C/C(=O)O,solo_cribado,False,11.46,,False,False,,,,4.0831,concordancia_negativa
Acinetobacter baumannii,A_coleccion_clinica,CO-ADD:0165008,ZKLPARSLTMPFCP-UHFFFAOYSA-N,Cetirizine,OC(=O)COCCN1CCN(CC1)C(c1ccccc1)c1ccc(Cl)cc1,solo_cribado,False,16.42,,False,False,,,,4.0823,concordancia_negativa
Acinetobacter baumannii,A_coleccion_clinica,CO-ADD:0164458,VCKUSRYTPJJLNI-UHFFFAOYSA-N,Terazosin,COc1cc2nc(nc(N)c2cc1OC)N1CCN(CC1)C(=O)C1CCCO1,solo_cribado,False,7.31,,False,False,,,,4.0821,concordancia_negativa
Acinetobacter baumannii,A_coleccion_clinica,CO-ADD:0164926,DBAKFASWICGISY-BTJKTKAUSA-N,Chlorpheniramine maleate,CN(C)CCC(c1ccc(Cl)cc1)c1ccccn1.OC(=O)/C=C\C(=O)O,solo_cribado,False,18.65,,False,False,,,,4.0821,concordancia_negativa
Acinetobacter baumannii,A_coleccion_clinica,CO-ADD:0164835,FBSMERQALIEGJT-UHFFFAOYSA-N,Chlorpromazine hydrochloride,CN(C)CCCN1c2ccccc2Sc2ccc(Cl)cc12.Cl,solo_cribado,False,8.66,,False,False,,,,4.0811,concordancia_negativa
Acinetobacter baumannii,A_coleccion_clinica,CO-ADD:0164798,ZFXYFBGIUFBOJW-UHFFFAOYSA-N,Theophylline,Cn1c2[nH]cnc2c(=O)n(C)c1=O,solo_cribado,False,16.98,,False,False,,,,4.0802,concordancia_negativa
Acinetobacter baumannii,A_coleccion_clinica,CO-ADD:0164844,MUMGGOZAMZWBJJ-DYKIIFRCSA-N,Testosterone,C[C@]12CC[C@H]3[C@@H](CCC4=CC(=O)CC[C@]34C)[C@@H]1CC[C@@H]2O,solo_cribado,False,-7.2,,False,False,,,,4.0778,concordancia_negativa
Acinetobacter baumannii,A_coleccion_clinica,CO-ADD:0164545,MKMYPTLXLWOUSO-NFQNBQCWSA-N,Lobeline hydrochloride,CN1[C@H](C[C@H](O)c2ccccc2)CCC[C@@H]1CC(=O)c1ccccc1.Cl,solo_cribado,False,18.5,,False,False,,,,4.0767,concordancia_negativa
Acinetobacter baumannii,A_coleccion_clinica,CO-ADD:0164698,RMMXLENWKUUMAY-UHFFFAOYSA-N,Telmisartan,CCCc1nc2c(C)cc(cc2n1Cc1ccc(cc1)-c1ccccc1C(O)=O)-c1nc2ccccc2n1C,solo_cribado,False,38.9,,False,False,,,,4.0757,concordancia_negativa
Acinetobacter baumannii,A_coleccion_clinica,CO-ADD:0165026,JYGXADMDTFJGBT-VWUMJDOOSA-N,Hydrocortisone,C[C@]12C[C@H](O)[C@H]3[C@@H](CCC4=CC(=O)CC[C@]34C)[C@@H]1CC[C@]2(O)C(=O)CO,solo_cribado,False,10.83,,False,False,,,,4.0754,concordancia_negativa
Acinetobacter baumannii,A_coleccion_clinica,CO-ADD:0164918,WRWBCPJQPDHXTJ-DTMQFJJTSA-N,Methylandrostenediol,C[C@]1(O)CC[C@H]2[C@@H]3CC=C4C[C@@H](O)CC[C@]4(C)[C@H]3CC[C@]12C,solo_cribado,False,4.21,,False,False,,,,4.0753,concordancia_negativa
Acinetobacter baumannii,A_coleccion_clinica,CO-ADD:0164933,WAOQONBSWFLFPE-VIFPVBQESA-N,Raclopride,CCN1CCC[C@H]1CNC(=O)c1c(O)c(Cl)cc(Cl)c1OC,solo_cribado,False,11.03,,False,False,,,,4.0746,concordancia_negativa
Acinetobacter baumannii,A_coleccion_clinica,CO-ADD:0164840,ZNNLBTZKUZBEKO-UHFFFAOYSA-N,Glyburide,COc1ccc(Cl)cc1C(=O)NCCc1ccc(cc1)S(=O)(=O)NC(=O)NC1CCCCC1,solo_cribado,False,-8.45,,False,False,,,,4.0732,concordancia_negativa
Acinetobacter baumannii,A_coleccion_clinica,CO-ADD:0164805,LZFZMUMEGBBDTC-QEJZJMRPSA-N,Enalaprilat,C[C@H](N[C@@H](CCc1ccccc1)C(O)=O)C(=O)N1CCC[C@H]1C(O)=O,solo_cribado,False,3.43,,False,False,,,,4.071,concordancia_negativa
Acinetobacter baumannii,A_coleccion_clinica,CO-ADD:0164911,VGGGPCQERPFHOB-RDBSUJKOSA-N,Bestatin,CC(C)C[C@H](NC(=O)[C@@H](O)[C@H](N)Cc1ccccc1)C(O)=O,solo_cribado,False,8.82,,False,False,,,,4.071,concordancia_negativa
Acinetobacter baumannii,A_coleccion_clinica,CO-ADD:0164716,BFYIZQONLCFLEV-DAELLWKTSA-N,Exemestane,C[C@]12CC[C@H]3[C@@H](CC(=C)C4=CC(=O)C=C[C@]34C)[C@@H]1CCC2=O,solo_cribado,False,41.21,,False,False,,,,4.0693,concordancia_negativa
Acinetobacter baumannii,A_coleccion_clinica,CO-ADD:0164740,JPRXYLQNJJVCMZ-UHFFFAOYSA-N,Rizatriptan benzoate,CN(C)CCc1c[nH]c2ccc(Cn3cncn3)cc12.OC(=O)c1ccccc1,solo_cribado,False,30.78,,False,False,,,,4.068,concordancia_negativa
Acinetobacter baumannii,A_coleccion_clinica,CO-ADD:0164940,VOXZDWNPVJITMN-ZBRFXRBCSA-N,Beta-estradiol,C[C@]12CC[C@H]3[C@@H](CCc4cc(O)ccc34)[C@@H]1CC[C@@H]2O,solo_cribado,False,2.47,,False,False,,,,4.0675,concordancia_negativa
Acinetobacter baumannii,A_coleccion_clinica,CO-ADD:0164957,SRGKFVAASLQVBO-DASCVMRKSA-N,Dexbrompheniramine maleate,CN(C)CC[C@@H](c1ccc(Br)cc1)c1ccccn1.OC(=O)/C=C\C(=O)O,solo_cribado,False,6.71,,False,False,,,,4.0673,concordancia_negativa
Acinetobacter baumannii,A_coleccion_clinica,CO-ADD:0164991,OIGNJSKKLXVSLS-VWUMJDOOSA-N,Prednisolone,C[C@]12C[C@H](O)[C@H]3[C@@H](CCC4=CC(=O)C=C[C@]34C)[C@@H]1CC[C@]2(O)C(=O)CO,solo_cribado,False,12.94,,False,False,,,,4.0636,concordancia_negativa
Acinetobacter baumannii,A_coleccion_clinica,CO-ADD:0164582,NPXXKMBXEODDAF-UHFFFAOYSA-N,Zacopride hydrochloride hydrate,COc1cc(N)c(Cl)cc1C(=O)NC1CN2CCC1CC2.O.Cl,solo_cribado,False,11.2,,False,False,,,,4.0635,concordancia_negativa
Acinetobacter baumannii,A_coleccion_clinica,CO-ADD:0164381,OHXPGWPVLFPUSM-KLRNGDHRSA-N,Dehydrocholic acid,C[C@H](CCC(O)=O)[C@H]1CC[C@H]2[C@H]3[C@H](CC(=O)[C@]12C)[C@@]1(C)CCC(=O)C[C@H]1CC3=O,solo_cribado,False,10.13,,False,False,,,,4.0625,concordancia_negativa
Acinetobacter baumannii,A_coleccion_clinica,CO-ADD:0164470,NNYBQONXHNTVIJ-UHFFFAOYSA-N,Etodolac,CCc1cccc2c3CCOC(CC)(CC(O)=O)c3[nH]c12,solo_cribado,False,-2.53,,False,False,,,,4.0622,concordancia_negativa
Acinetobacter baumannii,A_coleccion_clinica,CO-ADD:0164427,NMUSYJAQQFHJEW-KVTDHHQDSA-N,5-Azacytidine,Nc1ncn([C@@H]2O[C@H](CO)[C@@H](O)[C@H]2O)c(=O)n1,mic_confirmado,False,9.52,,False,True,,,,4.0573,concordancia_negativa
Acinetobacter baumannii,A_coleccion_clinica,CO-ADD:0164889,GCKMFJBGXUYNAG-HLXURNFRSA-N,Methyltestosterone,C[C@]1(O)CC[C@H]2[C@@H]3CCC4=CC(=O)CC[C@]4(C)[C@H]3CC[C@]12C,solo_cribado,False,14.14,,False,False,,,,4.0572,concordancia_negativa
Acinetobacter baumannii,A_coleccion_clinica,CO-ADD:0164730,LSNWBKACGXCGAJ-UHFFFAOYSA-N,Ampiroxicam,CCOC(=O)OC(C)OC1=C(N(C)S(=O)(=O)c2ccccc12)C(=O)Nc1ccccn1,solo_cribado,False,53.02,,False,False,,,,4.0552,concordancia_negativa
Acinetobacter baumannii,A_coleccion_clinica,CO-ADD:0164714,VLEUZFDZJKSGMX-ONEGZZNKSA-N,Pterostilbene,COc1cc(OC)cc(\C=C\c2ccc(O)cc2)c1,solo_cribado,False,31.46,,False,False,,,,4.0545,concordancia_negativa
Acinetobacter baumannii,A_coleccion_clinica,CO-ADD:0164871,AAOVKJBEBIDNHE-UHFFFAOYSA-N,Diazepam,CN1c2ccc(Cl)cc2C(=NCC1=O)c1ccccc1,solo_cribado,False,6.74,,False,False,,,,4.054,concordancia_negativa
Acinetobacter baumannii,A_coleccion_clinica,CO-ADD:0164848,HMJIYCCIJYRONP-UHFFFAOYSA-N,Isradipine,COC(=O)C1=C(C)NC(C)=C(C1c1cccc2nonc12)C(=O)OC(C)C,solo_cribado,False,14.96,,False,False,,,,4.0537,concordancia_negativa
Acinetobacter baumannii,A_coleccion_clinica,CO-ADD:0164630,DYCKFEBIOUQECE-UHFFFAOYSA-N,Nefazodone hydrochloride,CCc1nn(CCCN2CCN(CC2)c2cccc(Cl)c2)c(=O)n1CCOc1ccccc1.Cl,solo_cribado,False,7.83,,False,False,,,,4.0531,concordancia_negativa
Acinetobacter baumannii,A_coleccion_clinica,CO-ADD:0164481,HIGSLXSBYYMVKI-UHFFFAOYSA-N,Pralidoxime chloride,C[n+]1ccccc1\C=N\O.[Cl-],solo_cribado,False,10.72,,False,False,,,,4.0496,concordancia_negativa
Acinetobacter baumannii,A_coleccion_clinica,CO-ADD:0164456,OGHNVEJMJSYVRP-UHFFFAOYSA-N,Carvedilol,COc1ccccc1OCCNCC(O)COc1cccc2[nH]c3ccccc3c12,solo_cribado,False,9.79,,False,False,,,,4.0464,concordancia_negativa
Acinetobacter baumannii,A_coleccion_clinica,CO-ADD:0164581,RUDATBOHQWOJDD-UZVSRGJWSA-N,Ursodeoxycholic acid,C[C@H](CCC(O)=O)[C@H]1CC[C@H]2[C@@H]3[C@@H](O)C[C@@H]4C[C@H](O)CC[C@]4(C)[C@H]3CC[C@]12C,solo_cribado,False,8.73,,False,False,,,,4.0458,concordancia_negativa
Acinetobacter baumannii,A_coleccion_clinica,CO-ADD:0164915,ZKLPARSLTMPFCP-OAQYLSRUSA-N,Levocetirizine,OC(=O)COCCN1CCN(CC1)[C@H](c1ccccc1)c1ccc(Cl)cc1,solo_cribado,False,6.8,,False,False,,,,4.0448,concordancia_negativa
Acinetobacter baumannii,A_coleccion_clinica,CO-ADD:0164551,ICKXRKHJKXMFLR-UHFFFAOYSA-N,Verapamil hydrochloride,COc1ccc(CCN(C)CCCC(C#N)(C(C)C)c2ccc(OC)c(OC)c2)cc1OC.O.Cl,solo_cribado,False,18.69,,False,False,,,,4.0447,concordancia_negativa
Acinetobacter baumannii,A_coleccion_clinica,CO-ADD:0164954,HYIMSNHJOBLJNT-UHFFFAOYSA-N,Nifedipine,COC(=O)C1=C(C)NC(C)=C(C1c1ccccc1[N+]([O-])=O)C(=O)OC,solo_cribado,False,24.23,,False,False,,,,4.0442,concordancia_negativa
Acinetobacter baumannii,A_coleccion_clinica,CO-ADD:0164625,RJKFOVLPORLFTN-LEKSSAKUSA-N,Progesterone,CC(=O)[C@H]1CC[C@H]2[C@@H]3CCC4=CC(=O)CC[C@]4(C)[C@H]3CC[C@]12C,solo_cribado,False,17.62,,False,False,,,,4.0437,concordancia_negativa
Acinetobacter baumannii,A_coleccion_clinica,CO-ADD:0164746,SAPNXPWPAUFAJU-UHFFFAOYSA-N,Lofepramine,CN(CCCN1c2ccccc2CCc2ccccc12)CC(=O)c1ccc(Cl)cc1,mic_confirmado,False,37.63,,True,False,,,,4.0419,concordancia_negativa
Acinetobacter baumannii,A_coleccion_clinica,CO-ADD:0164963,USROQQUKEBHOFF-SKKCDYJJSA-N,Cetraxate hydrochloride,NC[C@H]1CC[C@@H](CC1)C(=O)Oc1ccc(CCC(O)=O)cc1.Cl,solo_cribado,False,11.42,,False,False,,,,4.0409,concordancia_negativa
Acinetobacter baumannii,A_coleccion_clinica,CO-ADD:0164634,NDNSIBYYUOEUSV-RSAXXLAASA-N,Ropivacaine hydrochloride,CCCN1CCCC[C@H]1C(=O)Nc1c(C)cccc1C.Cl,solo_cribado,False,18.3,,False,False,,,,4.0407,concordancia_negativa
Acinetobacter baumannii,A_coleccion_clinica,CO-ADD:0164900,VPSRQEHTHIMDQM-FKLPMGAJSA-N,Benazepril hydrochloride,CCOC(=O)[C@H](CCc1ccccc1)N[C@H]1CCc2ccccc2N(CC(O)=O)C1=O.Cl,solo_cribado,False,9.74,,False,False,,,,4.0401,concordancia_negativa
Acinetobacter baumannii,A_coleccion_clinica,CO-ADD:0164971,ZRJBHWIHUMBLCN-SEQYCRGISA-N,Huperzine A,C\C=C1\[C@@H]2Cc3nc(O)ccc3[C@@]1(N)CC(C)=C2,solo_cribado,False,13.6,,False,False,,,,4.04,concordancia_negativa
Acinetobacter baumannii,A_coleccion_clinica,CO-ADD:0164563,BXKDSDJJOVIHMX-UHFFFAOYSA-N,Edrophonium chloride,CC[N+](C)(C)c1cccc(O)c1.[Cl-],solo_cribado,False,11.75,,False,False,,,,4.0397,concordancia_negativa
Acinetobacter baumannii,A_coleccion_clinica,CO-ADD:0164538,HJORMJIFDVBMOB-UHFFFAOYSA-N,Rolipram,COc1ccc(cc1OC1CCCC1)C1CNC(=O)C1,solo_cribado,False,10.91,,False,False,,,,4.0386,concordancia_negativa
Acinetobacter baumannii,A_coleccion_clinica,CO-ADD:0164493,RGCVKNLCSQQDEP-UHFFFAOYSA-N,Perphenazine,OCCN1CCN(CCCN2c3ccccc3Sc3ccc(Cl)cc23)CC1,solo_cribado,False,23.05,,False,False,,,,4.0379,concordancia_negativa
Acinetobacter baumannii,A_coleccion_clinica,CO-ADD:0164651,QEAOELIJQRYJJS-UHFFFAOYSA-N,Riluzole hydrochloride,Nc1nc2ccc(OC(F)(F)F)cc2s1.Cl,solo_cribado,False,16.88,,False,False,,,,4.0378,concordancia_negativa
Acinetobacter baumannii,A_coleccion_clinica,CO-ADD:0164627,JCCNYMKQOSZNPW-UHFFFAOYSA-N,Loratadine,CCOC(=O)N1CCC(CC1)=C1c2ccc(Cl)cc2CCc2cccnc12,solo_cribado,False,15.05,,False,False,,,,4.0372,concordancia_negativa
Acinetobacter baumannii,A_coleccion_clinica,CO-ADD:0164497,XNKLLVCARDGLGL-JGVFFNPUSA-N,Stavudine,Cc1cn([C@@H]2O[C@H](CO)C=C2)c(=O)[nH]c1=O,solo_cribado,False,16.08,,False,False,,,,4.0361,concordancia_negativa
Acinetobacter baumannii,A_coleccion_clinica,CO-ADD:0164687,KGPYUCWNMNJORZ-UHFFFAOYSA-N,Linopirdine dihydrochloride,O=C1N(c2ccccc2C1(Cc1ccncc1)Cc1ccncc1)c1ccccc1.O.Cl,solo_cribado,False,12.37,,False,False,,,,4.0345,concordancia_negativa
Acinetobacter baumannii,A_coleccion_clinica,CO-ADD:0164804,RFHAOTPXVQNOHP-UHFFFAOYSA-N,Fluconazole,OC(Cn1cncn1)(Cn1cncn1)c1ccc(F)cc1F,mic_confirmado,False,5.55,,False,True,,,,4.034,concordancia_negativa
Acinetobacter baumannii,A_coleccion_clinica,CO-ADD:0165052,VNYBTNPBYXSMOO-UHFFFAOYSA-M,Pyridostigmine bromide,CN(C)C(=O)Oc1ccc[n+](C)c1.[Br-],solo_cribado,False,13.06,,False,False,,,,4.0319,concordancia_negativa
Acinetobacter baumannii,A_coleccion_clinica,CO-ADD:0164697,BXZVVICBKDXVGW-NKWVEPMBSA-N,Didanosine,OC[C@@H]1CC[C@@H](O1)n1cnc2c(O)ncnc12,mic_confirmado,False,42.65,,True,False,,,,4.0309,concordancia_negativa
Acinetobacter baumannii,A_coleccion_clinica,CO-ADD:0164818,GVNWHCVWDRNXAZ-BTJKTKAUSA-N,Carbinoxamine maleate,CN(C)CCOC(c1ccc(Cl)cc1)c1ccccn1.OC(=O)/C=C\C(=O)O,solo_cribado,False,8.84,,False,False,,,,4.0297,concordancia_negativa
Acinetobacter baumannii,A_coleccion_clinica,CO-ADD:0164507,JLKIGFTWXXRPMT-UHFFFAOYSA-N,Sulfamethoxazole,Cc1cc(NS(=O)(=O)c2ccc(N)cc2)no1,solo_cribado,False,6.86,,False,False,,,,4.0272,concordancia_negativa
Acinetobacter baumannii,A_coleccion_clinica,CO-ADD:0164443,XXRMYXBSBOVVBH-UHFFFAOYSA-N,Bethanechol chloride,CC(C[N+](C)(C)C)OC(N)=O.[Cl-],solo_cribado,False,6.75,,False,False,,,,4.0249,concordancia_negativa
Acinetobacter baumannii,A_coleccion_clinica,CO-ADD:0164686,WYZDXEKUWRCKOB-YDSAWKJFSA-N,Mestanolone,C[C@]1(O)CC[C@H]2[C@@H]3CC[C@H]4CC(=O)CC[C@]4(C)[C@H]3CC[C@]12C,solo_cribado,False,-5.79,,False,False,,,,4.0246,concordancia_negativa
Acinetobacter baumannii,A_coleccion_clinica,CO-ADD:0164736,RZJQGNCSTQAWON-UHFFFAOYSA-N,Rofecoxib,CS(=O)(=O)c1ccc(cc1)C1=C(C(=O)OC1)c1ccccc1,solo_cribado,False,27.92,,False,False,,,,4.0242,concordancia_negativa
Acinetobacter baumannii,A_coleccion_clinica,CO-ADD:0164868,PYZRQGJRPPTADH-UHFFFAOYSA-N,Lamotrigine,Nc1nnc(c(N)n1)-c1cccc(Cl)c1Cl,solo_cribado,False,7.8,,False,False,,,,4.0237,concordancia_negativa
Acinetobacter baumannii,A_coleccion_clinica,CO-ADD:0165051,PGYPOBZJRVSMDS-UHFFFAOYSA-N,Loperamide hydrochloride,CN(C)C(=O)C(CCN1CCC(O)(CC1)c1ccc(Cl)cc1)(c1ccccc1)c1ccccc1.Cl,solo_cribado,False,13.15,,False,False,,,,4.0219,concordancia_negativa
Acinetobacter baumannii,A_coleccion_clinica,CO-ADD:0164370,YSIITVVESCNIPR-UHFFFAOYSA-N,Troxipide,COc1cc(cc(OC)c1OC)C(=O)NC1CCCNC1,solo_cribado,False,16.64,,False,False,,,,4.02,concordancia_negativa
Acinetobacter baumannii,A_coleccion_clinica,CO-ADD:0164367,CXQWRCVTCMQVQX-LSDHHAIUSA-N,Taxifolin-(+),O[C@@H]1[C@H](Oc2cc(O)cc(O)c2C1=O)c1ccc(O)c(O)c1,solo_cribado,False,12.91,,False,False,,,,4.019,concordancia_negativa
Acinetobacter baumannii,A_coleccion_clinica,CO-ADD:0164802,JLRGJRBPOGGCBT-UHFFFAOYSA-N,Tolbutamide,CCCCNC(=O)NS(=O)(=O)c1ccc(C)cc1,solo_cribado,False,8.36,,False,False,,,,4.0179,concordancia_negativa
Acinetobacter baumannii,A_coleccion_clinica,CO-ADD:0164610,DBAKFASWICGISY-DASCVMRKSA-N,Dexchlorpheniramine maleate,CN(C)CC[C@@H](c1ccc(Cl)cc1)c1ccccn1.OC(=O)/C=C\C(=O)O,solo_cribado,False,16.81,,False,False,,,,4.0176,concordancia_negativa
Acinetobacter baumannii,B_transferencia_entre_patogenos,CHEMBL309490,VCCRNZQBSJXYJD-UHFFFAOYSA-N,GALANGIN,O=c1c(O)c(-c2ccccc2)oc2cc(O)cc(O)c12,sin_medida,False,,,True,False,Klebsiella pneumoniae,6.033809623554896,,4.0163,hipotesis_transferencia
Acinetobacter baumannii,A_coleccion_clinica,CO-ADD:0164379,FMGSKLZLMKYGDP-USOAJAOKSA-N,Dehydroepiandrosterone,C[C@]12CC[C@H]3[C@@H](CC=C4C[C@@H](O)CC[C@]34C)[C@@H]1CCC2=O,solo_cribado,False,11.37,,False,False,,,,4.0139,concordancia_negativa
Acinetobacter baumannii,A_coleccion_clinica,CO-ADD:0164569,GWUSZQUVEVMBPI-UHFFFAOYSA-N,Nimetazepam,CN1c2ccc(cc2C(=NCC1=O)c1ccccc1)[N+]([O-])=O,solo_cribado,False,16.21,,False,False,,,,4.0122,concordancia_negativa
Acinetobacter baumannii,A_coleccion_clinica,CO-ADD:0164769,SHGAZHPCJJPHSC-YCNIQYBTSA-N,trans-Retinoic acid,C\C(\C=C\C1=C(C)CCCC1(C)C)=C/C=C/C(/C)=C/C(O)=O,solo_cribado,False,21.29,,False,False,,,,4.0104,concordancia_negativa
Acinetobacter baumannii,A_coleccion_clinica,CO-ADD:0164920,WREGKURFCTUGRC-POYBYMJQSA-N,Zalcitabine,Nc1ccn([C@H]2CC[C@@H](CO)O2)c(=O)n1,solo_cribado,False,1.57,,False,False,,,,4.01,concordancia_negativa
Acinetobacter baumannii,A_coleccion_clinica,CO-ADD:0164392,NZHGWWWHIYHZNX-CSKARUKUSA-N,Tranilast,COc1ccc(\C=C\C(=O)Nc2ccccc2C(O)=O)cc1OC,solo_cribado,False,3.06,,False,False,,,,4.0097,concordancia_negativa
Acinetobacter baumannii,A_coleccion_clinica,CO-ADD:0164962,ZUFVXZVXEJHHBN-UHFFFAOYSA-N,Tacrine hydrochloride,Nc1c2CCCCc2nc2ccccc12.Cl,solo_cribado,False,19.73,,False,False,,,,4.0083,concordancia_negativa
Acinetobacter baumannii,A_coleccion_clinica,CO-ADD:0164366,WYXSYVWAUAUWLD-SHUUEZRQSA-N,6-Azauridine,OC[C@H]1O[C@H]([C@H](O)[C@@H]1O)n1ncc(=O)[nH]c1=O,solo_cribado,False,9.22,,False,False,,,,4.0081,concordancia_negativa
Acinetobacter baumannii,A_coleccion_clinica,CO-ADD:0164843,SHGAZHPCJJPHSC-XFYACQKRSA-N,Isotretinoin,C\C(\C=C\C1=C(C)CCCC1(C)C)=C/C=C/C(/C)=C\C(O)=O,solo_cribado,False,3.08,,False,False,,,,4.0069,concordancia_negativa
Acinetobacter baumannii,A_coleccion_clinica,CO-ADD:0164433,BKXVVCILCIUCLG-UHFFFAOYSA-N,Raloxifene hydrochloride,Oc1ccc(cc1)-c1sc2cc(O)ccc2c1C(=O)c1ccc(OCCN2CCCCC2)cc1.Cl,solo_cribado,False,4.22,,False,False,,,,4.0067,concordancia_negativa
Acinetobacter baumannii,A_coleccion_clinica,CO-ADD:0164829,PUQUTIRPHMRPJS-IYRCEVNGSA-N,Oxymetholone,C[C@]1(O)CC[C@H]2[C@@H]3CC[C@H]4CC(O)=C(C[C@]4(C)[C@H]3CC[C@]12C)C=O,solo_cribado,False,6.85,,False,False,,,,4.0067,concordancia_negativa
Acinetobacter baumannii,A_coleccion_clinica,CO-ADD:0164558,ZWUKMNZJRDGCTQ-UHFFFAOYSA-N,Tizanidine hydrochloride,Clc1ccc2nsnc2c1NC1=NCCN1.Cl,solo_cribado,False,18.39,,False,False,,,,4.0067,concordancia_negativa
Acinetobacter baumannii,A_coleccion_clinica,CO-ADD:0164944,XWAIAVWHZJNZQQ-UHFFFAOYSA-N,Donepezil hydrochloride,COc1cc2CC(CC3CCN(Cc4ccccc4)CC3)C(=O)c2cc1OC.Cl,solo_cribado,False,10.6,,False,False,,,,4.0048,concordancia_negativa
Acinetobacter baumannii,A_coleccion_clinica,CO-ADD:0164927,RXBKMJIPNDOHFR-UHFFFAOYSA-N,Phenelzine sulfate,NNCCc1ccccc1.OS(=O)(=O)O,solo_cribado,False,11.1,,False,False,,,,4.0047,concordancia_negativa
Acinetobacter baumannii,A_coleccion_clinica,CO-ADD:0164462,XAEWZDYWZHIUCT-UHFFFAOYSA-N,Desipramine hydrochloride,CNCCCN1c2ccccc2CCc2ccccc12.Cl,solo_cribado,False,6.47,,False,False,,,,4.003,concordancia_negativa
Acinetobacter baumannii,A_coleccion_clinica,CO-ADD:0164548,CXQWRCVTCMQVQX-HUUCEWRRSA-N,Taxifolin-(+/-),O[C@H]1[C@H](Oc2cc(O)cc(O)c2C1=O)c1ccc(O)c(O)c1,solo_cribado,False,14.99,,False,False,,,,4.0029,concordancia_negativa
Acinetobacter baumannii,B_transferencia_entre_patogenos,CHEMBL484785,USZAGAREISWJDP-UHFFFAOYSA-N,CRISABOROLE,N#Cc1ccc(Oc2ccc3c(c2)COB3O)cc1,sin_medida,False,,,False,False,Klebsiella pneumoniae,6.173925197299173,,4.0009,hipotesis_transferencia
Acinetobacter baumannii,A_coleccion_clinica,CO-ADD:0164717,UIAGMCDKSXEBJQ-UHFFFAOYSA-N,Nimodipine,COCCOC(=O)C1=C(C)NC(C)=C(C1c1cccc(c1)[N+]([O-])=O)C(=O)OC(C)C,solo_cribado,False,19.21,,False,False,,,,4.0002,concordancia_negativa
Acinetobacter baumannii,A_coleccion_clinica,CO-ADD:0164857,WFWLQNSHRPWKFK-UHFFFAOYSA-N,Tegafur,Fc1cn(C2CCCO2)c(=O)[nH]c1=O,solo_cribado,False,21.04,,False,False,,,,3.9994,concordancia_negativa
Acinetobacter baumannii,A_coleccion_clinica,CO-ADD:0164781,MWYHLEQJTQJHSS-UHFFFAOYSA-N,LY 171883,CCCc1c(OCCCCc2nn[nH]n2)ccc(C(C)=O)c1O,solo_cribado,False,5.99,,False,False,,,,3.9986,concordancia_negativa
Acinetobacter baumannii,A_coleccion_clinica,CO-ADD:0164628,MJIHNNLFOKEZEW-UHFFFAOYSA-N,Lansoprazole,Cc1c(OCC(F)(F)F)ccnc1CS(=O)c1nc2ccccc2[nH]1,solo_cribado,False,11.72,,False,False,,,,3.9974,concordancia_negativa
Acinetobacter baumannii,A_coleccion_clinica,CO-ADD:0164888,AOCCBINRVIKJHY-UHFFFAOYSA-N,Carmofur,CCCCCCNC(=O)n1cc(F)c(=O)[nH]c1=O,mic_confirmado,False,27.73,,False,True,,,,3.9958,concordancia_negativa
Acinetobacter baumannii,A_coleccion_clinica,CO-ADD:0164460,ODKNJVUHOIMIIZ-UHFFFAOYSA-N,Floxuridine,OCC1OC(CC1O)n1cc(F)c(=O)[nH]c1=O,mic_confirmado,False,11.53,,False,True,,,,3.9953,concordancia_negativa
Acinetobacter baumannii,A_coleccion_clinica,CO-ADD:0164554,OMFXVFTZEKFJBZ-HJTSIMOOSA-N,Corticosterone,C[C@]12C[C@H](O)[C@H]3[C@@H](CCC4=CC(=O)CC[C@]34C)[C@@H]1CC[C@@H]2C(=O)CO,solo_cribado,False,17.17,,False,False,,,,3.9931,concordancia_negativa
Acinetobacter baumannii,A_coleccion_clinica,CO-ADD:0164796,GUBNMFJOJGDCEL-UHFFFAOYSA-N,Dicyclomine hydrochloride,CCN(CC)CCOC(=O)C1(CCCCC1)C1CCCCC1.Cl,solo_cribado,False,3.37,,False,False,,,,3.9919,concordancia_negativa
Acinetobacter baumannii,A_coleccion_clinica,CO-ADD:0164604,OFBIFZUFASYYRE-UHFFFAOYSA-N,Flumazenil,CCOC(=O)c1ncn-2c1CN(C)C(=O)c1cc(F)ccc-21,solo_cribado,False,6.15,,False,False,,,,3.9917,concordancia_negativa
Acinetobacter baumannii,A_coleccion_clinica,CO-ADD:0164611,JTEGQNOMFQHVDC-NKWVEPMBSA-N,Lamivudine,Nc1ccn([C@@H]2CS[C@H](CO)O2)c(=O)n1,solo_cribado,False,10.87,,False,False,,,,3.9915,concordancia_negativa
Acinetobacter baumannii,A_coleccion_clinica,CO-ADD:0165001,ACGUYXCXAPNIKK-UHFFFAOYSA-N,Hexachlorophene,Oc1c(Cl)cc(Cl)c(Cl)c1Cc1c(O)c(Cl)cc(Cl)c1Cl,mic_confirmado,False,18.87,,False,True,,,,3.9897,concordancia_negativa
Acinetobacter baumannii,A_coleccion_clinica,CO-ADD:0164549,DYEFUKCXAQOFHX-UHFFFAOYSA-N,Ebselen,O=c1n([se]c2ccccc12)-c1ccccc1,mic_confirmado,False,10.18,,False,True,,,,3.9893,concordancia_negativa
Acinetobacter baumannii,A_coleccion_clinica,CO-ADD:0164728,NQPDXQQQCQDHHW-UHFFFAOYSA-N,Triclabendazole,CSc1nc2cc(Cl)c(Oc3cccc(Cl)c3Cl)cc2[nH]1,solo_cribado,False,14.05,,False,False,,,,3.989,concordancia_negativa
Acinetobacter baumannii,A_coleccion_clinica,CO-ADD:0164890,SGXXNSQHWDMGGP-IZZDOVSWSA-N,Nizatidine,CN\C(NCCSCc1csc(CN(C)C)n1)=C/[N+]([O-])=O,solo_cribado,False,8.31,,False,False,,,,3.9882,concordancia_negativa
Acinetobacter baumannii,A_coleccion_clinica,CO-ADD:0164968,RMEDXOLNCUSCGS-UHFFFAOYSA-N,Droperidol,Oc1nc2ccccc2n1C1=CCN(CCCC(=O)c2ccc(F)cc2)CC1,solo_cribado,False,9.76,,False,False,,,,3.9867,concordancia_negativa
Acinetobacter baumannii,A_coleccion_clinica,CO-ADD:0164659,BYPFEZZEUUWMEJ-UHFFFAOYSA-N,Pentoxifylline,CC(=O)CCCCn1c(=O)n(C)c2ncn(C)c2c1=O,solo_cribado,False,13.94,,False,False,,,,3.9863,concordancia_negativa
Acinetobacter baumannii,A_coleccion_clinica,CO-ADD:0164997,JZQKKSLKJUAGIC-UHFFFAOYSA-N,Pindolol,CC(C)NCC(O)COc1cccc2[nH]ccc12,solo_cribado,False,13.32,,False,False,,,,3.9835,concordancia_negativa
Acinetobacter baumannii,A_coleccion_clinica,CO-ADD:0164967,OYCAEWMSOPMASE-XFULWGLBSA-N,R(+)-SCH-23390 hydrochloride,CN1CCc2cc(Cl)c(O)cc2[C@H](C1)c1ccccc1.Cl,solo_cribado,False,17.85,,False,False,,,,3.983,concordancia_negativa
Acinetobacter baumannii,A_coleccion_clinica,CO-ADD:0164403,FAKRSMQSSFJEIM-RQJHMYQMSA-N,Captopril,C[C@H](CS)C(=O)N1CCC[C@H]1C(O)=O,solo_cribado,False,11.48,,False,False,,,,3.9808,concordancia_negativa
Acinetobacter baumannii,A_coleccion_clinica,CO-ADD:0164385,MCVUURBOSHQXMK-UHFFFAOYSA-N,Benproperine phosphate,CC(COc1ccccc1Cc2ccccc2)N3CCCCC3.OP(=O)(O)O,solo_cribado,False,11.13,,False,False,,,,3.9778,concordancia_negativa
Acinetobacter baumannii,A_coleccion_clinica,CO-ADD:0164976,FPTQDMHWQWTIAX-UHFFFAOYSA-N,Flecainide hydrochloride,FC(F)(F)COc1ccc(OCC(F)(F)F)c(c1)C(=O)NCC1CCCCN1.Cl,solo_cribado,False,10.48,,False,False,,,,3.9772,concordancia_negativa
Acinetobacter baumannii,A_coleccion_clinica,CO-ADD:0164854,SDQJYYGODYRPBR-UHFFFAOYSA-N,SKF 83566 hydrobromide,CN1CCc2cc(Br)c(O)cc2C(C1)c1ccccc1.Br,solo_cribado,False,8.42,,False,False,,,,3.9761,concordancia_negativa
Acinetobacter baumannii,A_coleccion_clinica,CO-ADD:0164733,KYFYMRRISDKLIF-LVVRIOTCSA-N,Dihydrexidine hydrochloride,Oc1cc2CC[C@H]3NCc4ccccc4[C@@H]3c2cc1O.O.Cl,solo_cribado,False,31.74,,False,False,,,,3.9758,concordancia_negativa
Acinetobacter baumannii,A_coleccion_clinica,CO-ADD:0164598,YBBLVLTVTVSKRW-UHFFFAOYSA-N,Anastrozole,CC(C)(C#N)c1cc(Cn2cncn2)cc(c1)C(C)(C)C#N,solo_cribado,False,1.01,,False,False,,,,3.9747,concordancia_negativa
Acinetobacter baumannii,A_coleccion_clinica,CO-ADD:0164480,JUGOREOARAHOCO-UHFFFAOYSA-M,Acetylcholine chloride,CC(=O)OCC[N+](C)(C)C.[Cl-],solo_cribado,False,6.67,,False,False,,,,3.9725,concordancia_negativa
Acinetobacter baumannii,A_coleccion_clinica,CO-ADD:0164838,ABTXGJFUQRCPNH-UHFFFAOYSA-N,Procainamide hydrochloride,CCN(CC)CCNC(=O)c1ccc(N)cc1.Cl,solo_cribado,False,1.69,,False,False,,,,3.9722,concordancia_negativa
Acinetobacter baumannii,A_coleccion_clinica,CO-ADD:0164615,IJBZOOZRAXHERC-DOFZRALJSA-N,AM 404,CCCCC\C=C/C\C=C/C\C=C/C\C=C/CCCC(=O)Nc1ccc(O)cc1,solo_cribado,False,14.38,,False,False,,,,3.9721,concordancia_negativa
Acinetobacter baumannii,A_coleccion_clinica,CO-ADD:0164710,RONZAEMNMFQXRA-UHFFFAOYSA-N,Mirtazapine,CN1CCN2C(C1)c1ccccc1Cc1cccnc21,solo_cribado,False,-7.46,,False,False,,,,3.9716,concordancia_negativa
Acinetobacter baumannii,A_coleccion_clinica,CO-ADD:0164412,ZMRUPTIKESYGQW-UHFFFAOYSA-N,Propranolol hydrochloride,CC(C)NCC(O)COc1cccc2ccccc12.Cl,solo_cribado,False,9.34,,False,False,,,,3.971,concordancia_negativa
Acinetobacter baumannii,A_coleccion_clinica,CO-ADD:0164721,NQDJXKOVJZTUJA-UHFFFAOYSA-N,Nevirapine,Cc1ccnc2N(C3CC3)c3ncccc3C(=O)Nc12,solo_cribado,False,42.2,,False,False,,,,3.9707,concordancia_negativa
Acinetobacter baumannii,A_coleccion_clinica,CO-ADD:0164600,AFJCNBBHEVLGCZ-UHFFFAOYSA-N,Pinacidil monohydrate,CC(N\C(Nc1ccncc1)=N\C#N)C(C)(C)C.O,solo_cribado,False,0.62,,False,False,,,,3.9689,concordancia_negativa
Acinetobacter baumannii,A_coleccion_clinica,CO-ADD:0164726,HVRLZEKDTUEKQH-NOILCQHBSA-N,Olopatadine hydrochloride,CN(C)CC\C=C1\c2ccccc2COc2ccc(CC(O)=O)cc12.Cl,solo_cribado,False,-7.29,,False,False,,,,3.9688,concordancia_negativa
Acinetobacter baumannii,A_coleccion_clinica,CO-ADD:0164619,FNYQZOVOVDSGJH-UHFFFAOYSA-N,Alosetron monohydrochloride,Cc1[nH]cnc1CN1CCc2c(C1=O)c1ccccc1n2C.Cl,solo_cribado,False,11.96,,False,False,,,,3.9687,concordancia_negativa
Acinetobacter baumannii,A_coleccion_clinica,CO-ADD:0164658,BWMISRWJRUSYEX-SZKNIZGXSA-N,Terbinafine hydrochloride,CN(C\C=C\C#CC(C)(C)C)Cc1cccc2ccccc12.Cl,solo_cribado,False,9.15,,True,False,,,,3.9685,concordancia_negativa
Acinetobacter baumannii,A_coleccion_clinica,CO-ADD:0164387,XBEDAMVJWVPVDS-UHFFFAOYSA-N,Lomifylline,CC(=O)CCCCn1cnc2n(C)c(=O)n(C)c(=O)c12,solo_cribado,False,10.51,,False,False,,,,3.9673,concordancia_negativa
Acinetobacter baumannii,A_coleccion_clinica,CO-ADD:0164513,DDXORDQKGIZAME-UHFFFAOYSA-N,Econazole nitrate,Clc1ccc(COC(Cn2ccnc2)c2ccc(Cl)cc2Cl)cc1.O[N+](=O)[O-],mic_confirmado,False,14.78,,False,True,,,,3.9669,concordancia_negativa
Acinetobacter baumannii,A_coleccion_clinica,CO-ADD:0165049,HUPFGZXOMWLGNK-UHFFFAOYSA-N,Diflunisal,OC(=O)c1cc(ccc1O)-c1ccc(F)cc1F,solo_cribado,False,7.67,,False,False,,,,3.9667,concordancia_negativa
Acinetobacter baumannii,A_coleccion_clinica,CO-ADD:0165006,LMEKQMALGUDUQG-UHFFFAOYSA-N,Azathioprine,Cn1cnc(c1Sc1[nH]cnc2ncnc12)[N+]([O-])=O,solo_cribado,False,22.34,,False,False,,,,3.966,concordancia_negativa
Acinetobacter baumannii,A_coleccion_clinica,CO-ADD:0164729,NZPCOCBMEYADME-UHFFFAOYSA-N,Ifenprodil hemitartrate,CC(C(O)c1ccc(O)cc1)N2CCC(Cc3ccccc3)CC2.O.OC(C(O)C(=O)O)C(=O)O,solo_cribado,False,38.67,,False,False,,,,3.9656,concordancia_negativa
Acinetobacter baumannii,B_transferencia_entre_patogenos,CHEMBL465544,IUXNFOSJQWRNNO-ZFOLLOEKSA-N,PERICONICIN A,CC(C)C1=C2C/C=C(/C=O)[C@@H]3C(=O)[C@@H](O)[C@@H](C)[C@H]3C[C@]2(C)CC1,sin_medida,False,,,False,False,Klebsiella pneumoniae,5.006138154259084,,3.9649,hipotesis_transferencia
Acinetobacter baumannii,A_coleccion_clinica,CO-ADD:0164527,HXCNRYXBZNHDNE-UHFFFAOYSA-N,Pirenperone,Cc1nc2ccccn2c(=O)c1CCN1CCC(CC1)C(=O)c1ccc(F)cc1,solo_cribado,False,9.74,,False,False,,,,3.9644,concordancia_negativa
Acinetobacter baumannii,A_coleccion_clinica,CO-ADD:0164476,XZZXIYZZBJDEEP-UHFFFAOYSA-N,Imipramine hydrochloride,CN(C)CCCN1c2ccccc2CCc2ccccc12.Cl,solo_cribado,False,13.21,,False,False,,,,3.9639,concordancia_negativa
Acinetobacter baumannii,A_coleccion_clinica,CO-ADD:0164591,KBAUFVUYFNWQFM-UHFFFAOYSA-N,Doxylamine succinate,CN(C)CCOC(C)(c1ccccc1)c1ccccn1.OC(=O)CCC(=O)O,solo_cribado,False,8.6,,False,False,,,,3.9638,concordancia_negativa
Acinetobacter baumannii,A_coleccion_clinica,CO-ADD:0164540,SUBDBMMJDZJVOS-UHFFFAOYSA-N,Omeprazole,COc1ccc2[nH]c(nc2c1)S(=O)Cc1ncc(C)c(OC)c1C,solo_cribado,False,9.59,,False,False,,,,3.9623,concordancia_negativa
Acinetobacter baumannii,A_coleccion_clinica,CO-ADD:0165010,FLOSMHQXBMRNHR-UHFFFAOYSA-N,Methazolamide,CC(=O)N=c1sc(nn1C)S(N)(=O)=O,solo_cribado,False,8.55,,False,False,,,,3.9615,concordancia_negativa
Acinetobacter baumannii,A_coleccion_clinica,CO-ADD:0164908,MRIAQLRQZPPODS-UHFFFAOYSA-N,Nobiletin,COc1ccc(cc1OC)-c1cc(=O)c2c(OC)c(OC)c(OC)c(OC)c2o1,solo_cribado,False,15.83,,False,False,,,,3.9613,concordancia_negativa
Acinetobacter baumannii,A_coleccion_clinica,CO-ADD:0164631,ZDPACSAHMZADFZ-UHFFFAOYSA-N,Buflomedil hydrochloride,COc1cc(OC)c(C(=O)CCCN2CCCC2)c(OC)c1.Cl,solo_cribado,False,20.78,,False,False,,,,3.9613,concordancia_negativa
Acinetobacter baumannii,A_coleccion_clinica,CO-ADD:0164702,HTIQEAQVCYTUBX-UHFFFAOYSA-N,Amlodipine,CCOC(=O)C1=C(COCCN)NC(C)=C(C1c1ccccc1Cl)C(=O)OC,solo_cribado,False,-7.64,,False,False,,,,3.9606,concordancia_negativa
Acinetobacter baumannii,A_coleccion_clinica,CO-ADD:0164407,SKIVFJLNDNKQPD-UHFFFAOYSA-N,Sulfacetamide,CC(=O)NS(=O)(=O)c1ccc(N)cc1,solo_cribado,False,6.24,,False,False,,,,3.9605,concordancia_negativa
Acinetobacter baumannii,A_coleccion_clinica,CO-ADD:0164564,PVHUJELLJLJGLN-UHFFFAOYSA-N,Nitrendipine,CCOC(=O)C1=C(C)NC(C)=C(C1c1cccc(c1)[N+]([O-])=O)C(=O)OC,solo_cribado,False,7.78,,False,False,,,,3.9604,concordancia_negativa
Acinetobacter baumannii,A_coleccion_clinica,CO-ADD:0164621,UIKROCXWUNQSPJ-VIFPVBQESA-N,(-)-Cotinine,CN1[C@@H](CCC1=O)c1cccnc1,solo_cribado,False,2.81,,False,False,,,,3.9603,concordancia_negativa
Acinetobacter baumannii,A_coleccion_clinica,CO-ADD:0164543,SURCBXDHJRINFW-UHFFFAOYSA-N,Felbamate,NC(=O)OCC(COC(N)=O)c1ccccc1.O,mic_confirmado,False,14.47,,False,True,,,,3.9574,concordancia_negativa
Acinetobacter baumannii,A_coleccion_clinica,CO-ADD:0165030,UILOTUUZKGTYFQ-UHFFFAOYSA-N,Mafenide acetate,NCc1ccc(cc1)S(N)(=O)=O.CC(=O)O,solo_cribado,False,13.6,,False,False,,,,3.9567,concordancia_negativa
Acinetobacter baumannii,A_coleccion_clinica,CO-ADD:0164799,MLKXDPUZXIRXEP-MFOYZWKCSA-N,Sulindac,CC1=C(CC(O)=O)c2cc(F)ccc2\C1=C/c1ccc(cc1)S(C)=O,solo_cribado,False,6.36,,False,False,,,,3.9554,concordancia_negativa
Acinetobacter baumannii,A_coleccion_clinica,CO-ADD:0164483,KBOPZPXVLCULAV-UHFFFAOYSA-N,Mesalamine,Nc1ccc(O)c(c1)C(O)=O,solo_cribado,False,3.43,,False,False,,,,3.9538,concordancia_negativa
Acinetobacter baumannii,A_coleccion_clinica,CO-ADD:0164768,QXKHYNVANLEOEG-UHFFFAOYSA-N,Methoxsalen,COc1c2occc2cc2ccc(=O)oc12,solo_cribado,False,9.57,,False,False,,,,3.9529,concordancia_negativa
Acinetobacter baumannii,A_coleccion_clinica,CO-ADD:0164432,OLBCVFGFOZPWHH-UHFFFAOYSA-N,Propofol,CC(C)c1cccc(C(C)C)c1O,solo_cribado,False,-2.23,,False,False,,,,3.9526,concordancia_negativa
Acinetobacter baumannii,A_coleccion_clinica,CO-ADD:0164851,GKQPCPXONLDCMU-CCEZHUSRSA-N,Lacidipine,CCOC(=O)C1=C(C)NC(C)=C(C1c1ccccc1\C=C\C(=O)OC(C)(C)C)C(=O)OCC,mic_confirmado,False,37.39,,True,False,,,,3.9526,concordancia_negativa
Acinetobacter baumannii,A_coleccion_clinica,CO-ADD:0164984,SHTAFWKOISOCBI-UHFFFAOYSA-N,Diphenoxylate hydrochloride,CCOC(=O)C1(CCN(CCC(C#N)(c2ccccc2)c2ccccc2)CC1)c1ccccc1.Cl,solo_cribado,False,6.91,,False,False,,,,3.9522,concordancia_negativa
Acinetobacter baumannii,A_coleccion_clinica,CO-ADD:0164713,YUKARLAABCGMCN-PKLMIRHRSA-N,Tiagabine hydrochloride,Cc1ccsc1C(=CCCN1CCC[C@H](C1)C(O)=O)c1sccc1C.Cl,solo_cribado,False,46.77,,False,False,,,,3.9515,concordancia_negativa
Acinetobacter baumannii,A_coleccion_clinica,CO-ADD:0164637,VNFPBHJOKIVQEB-UHFFFAOYSA-N,Clotrimazole,Clc1ccccc1C(c1ccccc1)(c1ccccc1)n1ccnc1,mic_confirmado,False,7.17,,True,False,,,,3.9512,concordancia_negativa
Acinetobacter baumannii,A_coleccion_clinica,CO-ADD:0165046,WQVZLXWQESQGIF-UHFFFAOYSA-N,Labetalol hydrochloride,CC(CCc1ccccc1)NCC(O)c1ccc(O)c(c1)C(N)=O.Cl,solo_cribado,False,15.98,,False,False,,,,3.951,concordancia_negativa
Acinetobacter baumannii,A_coleccion_clinica,CO-ADD:0164528,UBQNRHZMVUUOMG-UHFFFAOYSA-N,Zonisamide,NS(=O)(=O)Cc1noc2ccccc12,solo_cribado,False,11.37,,False,False,,,,3.9508,concordancia_negativa
Acinetobacter baumannii,A_coleccion_clinica,CO-ADD:0164790,CJCSPKMFHVPWAR-UHFFFAOYSA-N,Methyldopa,CC(N)(Cc1ccc(O)c(O)c1)C(O)=O,solo_cribado,False,18.91,,False,False,,,,3.9499,concordancia_negativa
Acinetobacter baumannii,A_coleccion_clinica,CO-ADD:0165003,IPEHBUMCGVEMRF-UHFFFAOYSA-N,Pyrazinamide,NC(=O)c1cnccn1,solo_cribado,False,13.64,,True,False,,,,3.9488,concordancia_negativa
Acinetobacter baumannii,A_coleccion_clinica,CO-ADD:0164547,DJDFFEBSKJCGHC-UHFFFAOYSA-N,Naphazoline hydrochloride,C(C1=NCCN1)c1cccc2ccccc12.Cl,solo_cribado,False,21.25,,False,False,,,,3.9461,concordancia_negativa
Acinetobacter baumannii,A_coleccion_clinica,CO-ADD:0164741,AOXRBFRFYPMWLR-XGXHKTLJSA-N,Ethylestrenol,CC[C@]1(O)CC[C@H]2[C@@H]3CCC4=CCCC[C@@H]4[C@H]3CC[C@]12C,solo_cribado,False,21.56,,False,False,,,,3.9449,concordancia_negativa
Acinetobacter baumannii,A_coleccion_clinica,CO-ADD:0164557,HRRBJVNMSRJFHQ-UHFFFAOYSA-N,Naftopidil,COc1ccccc1N1CCN(CC(O)COc2cccc3ccccc23)CC1,solo_cribado,False,8.59,,False,False,,,,3.9443,concordancia_negativa
Acinetobacter baumannii,A_coleccion_clinica,CO-ADD:0165060,OUDSBRTVNLOZBN-UHFFFAOYSA-N,Tolazamide,Cc1ccc(cc1)S(=O)(=O)NC(=O)NN1CCCCCC1,solo_cribado,False,4.73,,False,False,,,,3.9432,concordancia_negativa
Acinetobacter baumannii,A_coleccion_clinica,CO-ADD:0164749,BPEGJWRSRHCHSN-UHFFFAOYSA-N,Temozolomide,Cn1nnc2c(ncn2c1=O)C(N)=O,solo_cribado,False,16.54,,False,False,,,,3.9431,concordancia_negativa
Acinetobacter baumannii,A_coleccion_clinica,CO-ADD:0164649,HPABFFGQPLJKBP-UHFFFAOYSA-N,5-Fluoro-2-pyrimidone,Oc1ncc(F)cn1,solo_cribado,False,19.68,,False,False,,,,3.943,concordancia_negativa
Acinetobacter baumannii,A_coleccion_clinica,CO-ADD:0164643,NZDMFGKECODQRY-UHFFFAOYSA-N,Maprotiline hydrochloride,CNCCCC12CCC(c3ccccc13)c1ccccc21.Cl,solo_cribado,False,17.0,,False,False,,,,3.9412,concordancia_negativa
Acinetobacter baumannii,A_coleccion_clinica,CO-ADD:0164757,HUNXMJYCHXQEGX-UHFFFAOYSA-N,Zaleplon,CCN(C(C)=O)c1cccc(c1)-c1ccnc2c(cnn12)C#N,solo_cribado,False,10.08,,False,False,,,,3.941,concordancia_negativa
Acinetobacter baumannii,A_coleccion_clinica,CO-ADD:0164638,BLFQGGGGFNSJKA-XHXSRVRCSA-N,Sertraline hydrochloride,CN[C@H]1CC[C@@H](c2ccc(Cl)c(Cl)c2)c2ccccc12.Cl,solo_cribado,False,11.88,,False,False,,,,3.9409,concordancia_negativa
Acinetobacter baumannii,A_coleccion_clinica,CO-ADD:0164514,QVPSGVSNYPRFAS-UHFFFAOYSA-N,Duvadilan,CC(COc1ccccc1)NC(C)C(O)c1ccc(O)cc1.Cl,solo_cribado,False,1.64,,False,False,,,,3.9406,concordancia_negativa
Acinetobacter baumannii,A_coleccion_clinica,CO-ADD:0164763,OLNTVTPDXPETLC-XPWALMASSA-N,Ezetimibe,O[C@@H](CC[C@@H]1[C@H](N(C1=O)c1ccc(F)cc1)c1ccc(O)cc1)c1ccc(F)cc1,solo_cribado,False,24.27,,False,False,,,,3.9396,concordancia_negativa
Acinetobacter baumannii,A_coleccion_clinica,CO-ADD:0164445,PWOQRKCAHTVFLB-UHFFFAOYSA-N,Cyclophosphamide hydrate,ClCCN(CCCl)P1(=O)NCCCO1.O,solo_cribado,False,4.42,,False,False,,,,3.939,concordancia_negativa
Acinetobacter baumannii,A_coleccion_clinica,CO-ADD:0164907,XPCTZQVDEJYUGT-UHFFFAOYSA-N,Maltol,Cc1occc(=O)c1O,solo_cribado,False,10.89,,False,False,,,,3.9388,concordancia_negativa
Acinetobacter baumannii,A_coleccion_clinica,CO-ADD:0164452,RZEKVGVHFLEQIL-UHFFFAOYSA-N,Celecoxib,Cc1ccc(cc1)-c1cc(nn1-c1ccc(cc1)S(N)(=O)=O)C(F)(F)F,solo_cribado,False,8.62,,False,False,,,,3.9372,concordancia_negativa
Acinetobacter baumannii,A_coleccion_clinica,CO-ADD:0164437,MQJKPEGWNLWLTK-UHFFFAOYSA-N,Dapsone,Nc1ccc(cc1)S(=O)(=O)c1ccc(N)cc1,solo_cribado,False,8.27,,False,False,,,,3.9366,concordancia_negativa
Acinetobacter baumannii,A_coleccion_clinica,CO-ADD:0164774,GGWBHVILAJZWKJ-KJEVSKRMSA-N,Ranitidine hydrochloride,CN\C(NCCSCc1ccc(CN(C)C)o1)=C/[N+]([O-])=O.Cl,solo_cribado,False,10.54,,False,False,,,,3.9354,concordancia_negativa
Acinetobacter baumannii,A_coleccion_clinica,CO-ADD:0164875,IXTMWRCNAAVVAI-UHFFFAOYSA-N,Dofetilide,CN(CCOc1ccc(NS(C)(=O)=O)cc1)CCc1ccc(NS(C)(=O)=O)cc1,solo_cribado,False,16.72,,False,False,,,,3.9353,concordancia_negativa
Acinetobacter baumannii,A_coleccion_clinica,CO-ADD:0164850,YLUSMKAJIQOXPV-UHFFFAOYSA-N,Ipidacrine,Nc1c2CCCc2nc2CCCCc12,solo_cribado,False,19.41,,False,False,,,,3.9348,concordancia_negativa
Acinetobacter baumannii,A_coleccion_clinica,CO-ADD:0164451,VIDRYROWYFWGSY-UHFFFAOYSA-N,Sotalol hydrochloride,CC(C)NCC(O)c1ccc(NS(C)(=O)=O)cc1.Cl,solo_cribado,False,10.81,,False,False,,,,3.9348,concordancia_negativa
Acinetobacter baumannii,A_coleccion_clinica,CO-ADD:0164539,YREYEVIYCVEVJK-UHFFFAOYSA-N,Rabeprazole,COCCCOc1ccnc(CS(=O)c2nc3ccccc3[nH]2)c1C,solo_cribado,False,18.08,,False,False,,,,3.9331,concordancia_negativa
Acinetobacter baumannii,A_coleccion_clinica,CO-ADD:0164671,XNCDYJFPRPDERF-PBCQUBLHSA-N,Milnacipran hydrochloride,CCN(CC)C(=O)[C@@]1(C[C@@H]1CN)c1ccccc1.Cl,solo_cribado,False,7.22,,False,False,,,,3.933,concordancia_negativa
Acinetobacter baumannii,A_coleccion_clinica,CO-ADD:0164414,JGPMMRGNQUBGND-UHFFFAOYSA-N,Idebenone,COC1=C(OC)C(=O)C(CCCCCCCCCCO)=C(C)C1=O,mic_confirmado,False,6.86,,False,True,,,,3.9329,concordancia_negativa
Acinetobacter baumannii,A_coleccion_clinica,CO-ADD:0164863,CFTOTSJVQRFXOF-UHFFFAOYSA-N,Tryptoline,C1Cc2c(CN1)[nH]c1ccccc21,solo_cribado,False,14.82,,False,False,,,,3.9318,concordancia_negativa
Acinetobacter baumannii,A_coleccion_clinica,CO-ADD:0164777,MBGGBVCUIVRRBF-UHFFFAOYSA-N,Sulfinpyrazone,O=C1C(CCS(=O)c2ccccc2)C(=O)N(N1c1ccccc1)c1ccccc1,solo_cribado,False,20.19,,False,False,,,,3.9312,concordancia_negativa
Acinetobacter baumannii,A_coleccion_clinica,CO-ADD:0164856,ZCEHOOLYWQBGQO-UHFFFAOYSA-N,Benactyzine hydrochloride,CCN(CC)CCOC(=O)C(O)(c1ccccc1)c1ccccc1.Cl,solo_cribado,False,12.38,,False,False,,,,3.9297,concordancia_negativa
Acinetobacter baumannii,A_coleccion_clinica,CO-ADD:0164724,AHLBNYSZXLDEJQ-FWEHEUNISA-N,Orlistat,CCCCCCCCCCC[C@@H](C[C@@H]1OC(=O)[C@H]1CCCCCC)OC(=O)[C@H](CC(C)C)NC=O,solo_cribado,False,39.77,,False,False,,,,3.929,concordancia_negativa
Acinetobacter baumannii,A_coleccion_clinica,CO-ADD:0164819,NXFQHRVNIOXGAQ-YCRREMRBSA-N,Nitrofurantoin,[O-][N+](=O)c1ccc(\C=N\N2CC(=O)NC2=O)o1,mic_confirmado,False,33.98,,False,True,,,,3.9288,concordancia_negativa
Acinetobacter baumannii,A_coleccion_clinica,CO-ADD:0164964,XJNUHVMJVWOYCW-GBNZRNLASA-N,(+/-)-Vesamicol hydrochloride,O[C@@H]1CCCC[C@H]1N1CCC(CC1)c1ccccc1.Cl,solo_cribado,False,10.24,,False,False,,,,3.928,concordancia_negativa
Acinetobacter baumannii,A_coleccion_clinica,CO-ADD:0164416,IROWCYIEJAOFOW-UHFFFAOYSA-N,Isoproterenol hydrochloride,CC(C)NCC(O)c1ccc(O)c(O)c1.Cl,solo_cribado,False,5.9,,False,False,,,,3.9276,concordancia_negativa
Acinetobacter baumannii,A_coleccion_clinica,CO-ADD:0164937,TVWRQCIPWUCNMI-UHFFFAOYSA-N,Anagrelide hydrochloride,Clc1ccc2N=C3NC(=O)CN3Cc2c1Cl.Cl,solo_cribado,False,17.86,,False,False,,,,3.9251,concordancia_negativa
Acinetobacter baumannii,A_coleccion_clinica,CO-ADD:0164712,HJLSLZFTEKNLFI-UHFFFAOYSA-N,Tinidazole,CCS(=O)(=O)CCn1c(C)ncc1[N+]([O-])=O,solo_cribado,False,18.84,,False,False,,,,3.9242,concordancia_negativa
Acinetobacter baumannii,A_coleccion_clinica,CO-ADD:0164874,GGXKWVWZWMLJEH-UHFFFAOYSA-N,Famciclovir,CC(=O)OCC(CCn1cnc2cnc(N)nc12)COC(C)=O,solo_cribado,False,12.09,,False,False,,,,3.9237,concordancia_negativa
Acinetobacter baumannii,A_coleccion_clinica,CO-ADD:0164654,GHUUBYQTCDQWRA-UHFFFAOYSA-N,Pioglitazone hydrochloride,CCc1ccc(CCOc2ccc(CC3SC(=O)NC3=O)cc2)nc1.Cl,solo_cribado,False,8.48,,False,False,,,,3.9224,concordancia_negativa
Acinetobacter baumannii,A_coleccion_clinica,CO-ADD:0164465,DQMZLTXERSFNPB-UHFFFAOYSA-N,Primidone,CCC1(C(=O)NCNC1=O)c1ccccc1,solo_cribado,False,10.25,,False,False,,,,3.9219,concordancia_negativa
Acinetobacter baumannii,A_coleccion_clinica,CO-ADD:0164595,ZGXJTSGNIOSYLO-UHFFFAOYSA-N,Aminolevulinic acid,NCC(=O)CCC(O)=O,solo_cribado,False,12.16,,False,False,,,,3.9214,concordancia_negativa
Acinetobacter baumannii,A_coleccion_clinica,CO-ADD:0164826,MHWLWQUZZRMNGJ-UHFFFAOYSA-N,Nalidixic acid,CCn1cc(C(O)=O)c(=O)c2ccc(C)nc12,mic_confirmado,False,93.14,,False,True,,,,3.9201,concordancia_negativa
Acinetobacter baumannii,A_coleccion_clinica,CO-ADD:0164919,KKDKAWKYGCUOGR-UHFFFAOYSA-N,PD 81723,Cc1sc(N)c(C(=O)c2cccc(c2)C(F)(F)F)c1C,solo_cribado,False,7.15,,False,False,,,,3.9193,concordancia_negativa
Acinetobacter baumannii,A_coleccion_clinica,CO-ADD:0164979,VAOCPAMSLUNLGC-UHFFFAOYSA-N,Metronidazole,Cc1ncc(n1CCO)[N+]([O-])=O,solo_cribado,False,12.01,,False,False,,,,3.9182,concordancia_negativa
Acinetobacter baumannii,A_coleccion_clinica,CO-ADD:0164410,YQNQNVDNTFHQSW-UHFFFAOYSA-N,Nitazoxanide,CC(=O)Oc1ccccc1C(=O)Nc1ncc(s1)[N+]([O-])=O,mic_confirmado,False,43.02,,True,False,,,,3.9175,concordancia_negativa
Acinetobacter baumannii,A_coleccion_clinica,CO-ADD:0164503,COVZYZSDYWQREU-UHFFFAOYSA-N,Busulfan,CS(=O)(=O)OCCCCOS(C)(=O)=O,solo_cribado,False,15.86,,False,False,,,,3.9168,concordancia_negativa
Acinetobacter baumannii,A_coleccion_clinica,CO-ADD:0165041,SWIJYDAEGSIQPZ-UHFFFAOYSA-N,Oxybutynin hydrochloride,CCN(CC)CC#CCOC(=O)C(O)(C1CCCCC1)c1ccccc1.Cl,solo_cribado,False,7.68,,False,False,,,,3.9153,concordancia_negativa
Acinetobacter baumannii,A_coleccion_clinica,CO-ADD:0164961,NNJVILVZKWQKPM-UHFFFAOYSA-N,Lidocaine,CCN(CC)CC(=O)Nc1c(C)cccc1C,solo_cribado,False,23.12,,False,False,,,,3.9152,concordancia_negativa
Acinetobacter baumannii,A_coleccion_clinica,CO-ADD:0164758,MROJXXOCABQVEF-UHFFFAOYSA-N,Actarit,CC(=O)Nc1ccc(CC(O)=O)cc1,solo_cribado,False,-13.14,,False,False,,,,3.9148,concordancia_negativa
Acinetobacter baumannii,A_coleccion_clinica,CO-ADD:0164688,WIHMBLDNRMIGDW-UHFFFAOYSA-N,Citalopram hydrobromide,CN(C)CCCC1(OCc2cc(ccc12)C#N)c1ccc(F)cc1.Br,solo_cribado,False,20.74,,False,False,,,,3.9139,concordancia_negativa
Acinetobacter baumannii,A_coleccion_clinica,CO-ADD:0165057,SNICXCGAKADSCV-JTQLQIEISA-N,Nicotine,CN1CCC[C@H]1c1cccnc1,solo_cribado,False,-4.09,,False,False,,,,3.9135,concordancia_negativa
Acinetobacter baumannii,A_coleccion_clinica,CO-ADD:0165042,NIJJYAXOARWZEE-UHFFFAOYSA-N,Valproic acid,CCCC(CCC)C(O)=O,solo_cribado,False,13.05,,False,False,,,,3.9134,concordancia_negativa
Acinetobacter baumannii,A_coleccion_clinica,CO-ADD:0164924,DZLOHEOHWICNIL-UHFFFAOYSA-N,Etomoxir,CCOC(=O)C1(CCCCCCOc2ccc(Cl)cc2)CO1,solo_cribado,False,-3.66,,False,False,,,,3.9127,concordancia_negativa
Acinetobacter baumannii,A_coleccion_clinica,CO-ADD:0165004,VVNCNSJFMMFHPL-UHFFFAOYSA-N,DL-Penicillamine,CC(C)(S)C(N)C(O)=O,solo_cribado,False,10.86,,False,False,,,,3.9126,concordancia_negativa
Acinetobacter baumannii,A_coleccion_clinica,CO-ADD:0164491,NCEXYHBECQHGNR-UHFFFAOYSA-N,Sulfasalazine,OC(=O)c1cc(ccc1O)N=Nc1ccc(cc1)S(=O)(=O)Nc1ccccn1,solo_cribado,False,7.1,,False,False,,,,3.9115,concordancia_negativa
Acinetobacter baumannii,A_coleccion_clinica,CO-ADD:0164525,HCBIBCJNVBAKAB-UHFFFAOYSA-N,Procaine hydrochloride,CCN(CC)CCOC(=O)c1ccc(N)cc1.Cl,solo_cribado,False,12.48,,False,False,,,,3.9113,concordancia_negativa
Acinetobacter baumannii,A_coleccion_clinica,CO-ADD:0164479,KTUFKADDDORSSI-UHFFFAOYSA-N,Acebutolol hydrochloride,CCCC(=O)Nc1ccc(OCC(O)CNC(C)C)c(c1)C(C)=O.Cl,solo_cribado,False,12.62,,False,False,,,,3.911,concordancia_negativa
Acinetobacter baumannii,A_coleccion_clinica,CO-ADD:0165048,UUVWYPNAQBNQJQ-UHFFFAOYSA-N,Altretamine,CN(C)c1nc(nc(n1)N(C)C)N(C)C,solo_cribado,False,10.65,,False,False,,,,3.9081,concordancia_negativa
Acinetobacter baumannii,A_coleccion_clinica,CO-ADD:0164417,IBAQFPQHRJAVAV-ULAWRXDQSA-N,Miglitol,OCCN1C[C@H](O)[C@@H](O)[C@H](O)[C@H]1CO,solo_cribado,False,23.8,,False,False,,,,3.908,concordancia_negativa
Acinetobacter baumannii,A_coleccion_clinica,CO-ADD:0164866,LBHIOVVIQHSOQN-UHFFFAOYSA-N,Nicorandil,[O-][N+](=O)OCCNC(=O)c1cccnc1,solo_cribado,False,11.46,,False,False,,,,3.9066,concordancia_negativa
Acinetobacter baumannii,A_coleccion_clinica,CO-ADD:0164495,OFCNXPDARWKPPY-UHFFFAOYSA-N,Allopurinol,Oc1[nH]cnc2nncc12,solo_cribado,False,24.59,,False,False,,,,3.9063,concordancia_negativa
Acinetobacter baumannii,A_coleccion_clinica,CO-ADD:0164989,FJLBFSROUSIWMA-UHFFFAOYSA-N,Metyrapone,CC(C)(C(=O)c1cccnc1)c1cccnc1,solo_cribado,False,18.6,,False,False,,,,3.9056,concordancia_negativa
Acinetobacter baumannii,A_coleccion_clinica,CO-ADD:0164626,BGDSAZGUWPTUHZ-QDBORUFSSA-N,Cinanserin,CN(C)CCCSc1ccccc1NC(=O)\C=C\c1ccccc1.O.Cl,solo_cribado,False,20.84,,False,False,,,,3.9044,concordancia_negativa
Acinetobacter baumannii,A_coleccion_clinica,CO-ADD:0164691,ZNIFSRGNXRYGHF-UHFFFAOYSA-N,Clonidine hydrochloride,Clc1cccc(Cl)c1NC1=NCCN1.Cl,solo_cribado,False,37.06,,False,False,,,,3.9042,concordancia_negativa
Acinetobacter baumannii,A_coleccion_clinica,CO-ADD:0164553,OFPXSFXSNFPTHF-UHFFFAOYSA-N,Oxaprozin,OC(=O)CCc1nc(c(o1)-c1ccccc1)-c1ccccc1,solo_cribado,False,23.23,,False,False,,,,3.9033,concordancia_negativa
Acinetobacter baumannii,A_coleccion_clinica,CO-ADD:0164396,HJMQDJPMQIHLPB-UHFFFAOYSA-N,Zardaverine,COc1cc(ccc1OC(F)F)-c1ccc(O)nn1,solo_cribado,False,12.07,,False,False,,,,3.9033,concordancia_negativa
Acinetobacter baumannii,A_coleccion_clinica,CO-ADD:0164584,TZXKOCQBRNJULO-UHFFFAOYSA-N,Deferiprone,Cc1c(O)c(=O)ccn1C,solo_cribado,False,6.92,,False,False,,,,3.9018,concordancia_negativa
Acinetobacter baumannii,A_coleccion_clinica,CO-ADD:0164931,FEWCTJHCXOHWNL-UHFFFAOYSA-N,Roxatidine acetate hydrochloride,CC(=O)OCC(=O)NCCCOc1cccc(CN2CCCCC2)c1.Cl,solo_cribado,False,15.86,,False,False,,,,3.9014,concordancia_negativa
Acinetobacter baumannii,A_coleccion_clinica,CO-ADD:0164494,BZKPWHYZMXOIDC-UHFFFAOYSA-N,Acetazolamide,CC(=O)Nc1nnc(s1)S(N)(=O)=O,solo_cribado,False,10.89,,False,False,,,,3.9013,concordancia_negativa
Acinetobacter baumannii,A_coleccion_clinica,CO-ADD:0164762,WHQCHUCQKNIQEC-UHFFFAOYSA-N,Benzbromarone,CCc1oc2ccccc2c1C(=O)c1cc(Br)c(O)c(Br)c1,mic_confirmado,False,36.48,,False,True,,,,3.9009,concordancia_negativa
Acinetobacter baumannii,A_coleccion_clinica,CO-ADD:0164794,MKXKFYHWDHIYRV-UHFFFAOYSA-N,Flutamide,CC(C)C(=O)Nc1ccc(c(c1)C(F)(F)F)[N+]([O-])=O,solo_cribado,False,6.76,,False,False,,,,3.8986,concordancia_negativa
Acinetobacter baumannii,A_coleccion_clinica,CO-ADD:0164590,HCIBTBXNLVOFER-UHFFFAOYSA-N,Diphenylcyclopropenone,O=c1c(c1-c1ccccc1)-c1ccccc1,solo_cribado,False,1.62,,False,False,,,,3.8964,concordancia_negativa
Acinetobacter baumannii,A_coleccion_clinica,CO-ADD:0164795,HDRXZJPWHTXQRI-BHDTVMLSSA-N,(+)-cis-Diltiazem hydrochloride,COc1ccc(cc1)[C@@H]1Sc2ccccc2N(CCN(C)C)C(=O)[C@@H]1OC(C)=O.Cl,solo_cribado,False,6.94,,False,False,,,,3.8959,concordancia_negativa
Acinetobacter baumannii,A_coleccion_clinica,CO-ADD:0164574,HEFNNWSXXWATRW-UHFFFAOYSA-N,Ibuprofen,CC(C)Cc1ccc(cc1)C(C)C(O)=O,solo_cribado,False,12.43,,False,False,,,,3.8956,concordancia_negativa
Acinetobacter baumannii,A_coleccion_clinica,CO-ADD:0164803,WDFKMLRRRCGAKS-UHFFFAOYSA-N,Chloroxine,Oc1c(Cl)cc(Cl)c2cccnc12,mic_confirmado,False,74.1,,True,False,,,,3.8953,concordancia_negativa
Acinetobacter baumannii,A_coleccion_clinica,CO-ADD:0164879,IPWKIXLWTCNBKN-UHFFFAOYSA-N,Ornidazole,Cc1ncc(n1CC(O)CCl)[N+]([O-])=O,solo_cribado,False,9.89,,False,False,,,,3.8935,concordancia_negativa
Acinetobacter baumannii,A_coleccion_clinica,CO-ADD:0164775,XEFQLINVKFYRCS-UHFFFAOYSA-N,Triclosan,Oc1cc(Cl)ccc1Oc1ccc(Cl)cc1Cl,mic_confirmado,False,47.74,,False,True,,,,3.8935,concordancia_negativa
Acinetobacter baumannii,A_coleccion_clinica,CO-ADD:0164636,AJFTZWGGHJXZOB-UHFFFAOYSA-N,DuP 697,CS(=O)(=O)c1ccc(cc1)-c1cc(Br)sc1-c1ccc(F)cc1,solo_cribado,False,4.8,,False,False,,,,3.8932,concordancia_negativa
Acinetobacter baumannii,A_coleccion_clinica,CO-ADD:0164982,DIWRORZWFLOCLC-UHFFFAOYSA-N,Lorazepam,OC1N=C(c2ccccc2Cl)c2cc(Cl)ccc2NC1=O,solo_cribado,False,7.26,,False,False,,,,3.8922,concordancia_negativa
Acinetobacter baumannii,A_coleccion_clinica,CO-ADD:0164665,XFZJGFIKQCCLGK-UHFFFAOYSA-M,"1,1-Dimethyl-4-phenylpiperazinium iodide",C[N+]1(C)CCN(CC1)c1ccccc1.[I-],solo_cribado,False,13.74,,False,False,,,,3.8913,concordancia_negativa
Acinetobacter baumannii,A_coleccion_clinica,CO-ADD:0164788,HEMJJKBWTPKOJG-UHFFFAOYSA-N,Gemfibrozil,Cc1ccc(C)c(OCCCC(C)(C)C(O)=O)c1,solo_cribado,False,4.27,,False,False,,,,3.8905,concordancia_negativa
Acinetobacter baumannii,B_transferencia_entre_patogenos,CHEMBL174136,NUWKXSPWLLPBOA-UHFFFAOYSA-N,ALAFOSALIN,CC(N)C(=O)NCCP(=O)(O)O,sin_medida,False,,,False,False,Klebsiella pneumoniae,5.0884528308770784,,3.8904,hipotesis_transferencia
Acinetobacter baumannii,A_coleccion_clinica,CO-ADD:0164450,HXHWSAZORRCQMX-UHFFFAOYSA-N,Albendazole,CCCSc1ccc2[nH]c(NC(=O)OC)nc2c1,solo_cribado,False,1.7,,True,False,,,,3.8889,concordancia_negativa
Acinetobacter baumannii,A_coleccion_clinica,CO-ADD:0164780,AQIXAKUUQRKLND-UHFFFAOYSA-N,Cimetidine,CNC(NCCSCc1[nH]cnc1C)=NC#N,solo_cribado,False,12.46,,False,False,,,,3.8876,concordancia_negativa
Acinetobacter baumannii,A_coleccion_clinica,CO-ADD:0164682,JMRYYMBDXNZQMH-UHFFFAOYSA-N,Haloperidol hydrochloride,OC1(CCN(CCCC(=O)c2ccc(F)cc2)CC1)c1ccc(Cl)cc1.Cl,solo_cribado,False,18.82,,False,False,,,,3.8857,concordancia_negativa
Acinetobacter baumannii,A_coleccion_clinica,CO-ADD:0164787,LDDHMLJTFXJGPI-UHFFFAOYSA-N,Memantine hydrochloride,CC12CC3CC(C)(C1)CC(N)(C3)C2.Cl,solo_cribado,False,14.28,,False,False,,,,3.8856,concordancia_negativa
Acinetobacter baumannii,A_coleccion_clinica,CO-ADD:0164913,LNPDTQAFDNKSHK-UHFFFAOYSA-N,Valdecoxib,Cc1onc(c1-c1ccc(cc1)S(N)(=O)=O)-c1ccccc1,solo_cribado,False,8.96,,False,False,,,,3.8854,concordancia_negativa
Acinetobacter baumannii,A_coleccion_clinica,CO-ADD:0164811,RSEPBGGWRJCQGY-RBRWEJTLSA-N,Estradiol valerate,CCCCC(=O)O[C@H]1CC[C@H]2[C@@H]3CCc4cc(O)ccc4[C@H]3CC[C@]12C,solo_cribado,False,3.52,,False,False,,,,3.8851,concordancia_negativa
Acinetobacter baumannii,A_coleccion_clinica,CO-ADD:0164696,HKZNADVVGXKQDL-UHFFFAOYSA-N,P1075,CCC(C)(C)\N=C(/NC#N)Nc1cccnc1,solo_cribado,False,33.28,,False,False,,,,3.8846,concordancia_negativa
Acinetobacter baumannii,A_coleccion_clinica,CO-ADD:0165058,BFUUJUGQJUTPAF-UHFFFAOYSA-N,Proxymetacaine,CCCOc1ccc(cc1N)C(=O)OCCN(CC)CC.Cl,solo_cribado,False,1.72,,False,False,,,,3.884,concordancia_negativa
Acinetobacter baumannii,A_coleccion_clinica,CO-ADD:0164828,CPEUVMUXAHMANV-UHFFFAOYSA-N,Flubendazole,COC(=O)Nc1nc2cc(ccc2[nH]1)C(=O)c1ccc(F)cc1,mic_confirmado,False,1.99,,False,True,,,,3.8838,concordancia_negativa
Acinetobacter baumannii,A_coleccion_clinica,CO-ADD:0164530,ZPMVNZLARAEGHB-UHFFFAOYSA-N,Cyproheptadine hydrochloride,CN1CCC(CC1)=C1c2ccccc2C=Cc2ccccc12.Cl,solo_cribado,False,15.52,,False,False,,,,3.8831,concordancia_negativa
Acinetobacter baumannii,A_coleccion_clinica,CO-ADD:0165023,RZTAMFZIAATZDJ-UHFFFAOYSA-N,Felodipine,CCOC(=O)C1=C(C)NC(C)=C(C1c1cccc(Cl)c1Cl)C(=O)OC,solo_cribado,False,12.75,,False,False,,,,3.8822,concordancia_negativa
Acinetobacter baumannii,A_coleccion_clinica,CO-ADD:0164399,KEEYRKYKLYARHO-UHFFFAOYSA-N,Ormetoprim,COc1cc(C)c(Cc2cnc(N)nc2N)cc1OC,mic_confirmado,False,66.55,,True,False,,,,3.8808,concordancia_negativa
Acinetobacter baumannii,A_coleccion_clinica,CO-ADD:0164767,UCTWMZQNUQWSLP-UHFFFAOYSA-N,Racepinephrine,CNCC(O)c1ccc(O)c(O)c1,solo_cribado,False,18.53,,False,False,,,,3.8796,concordancia_negativa
Acinetobacter baumannii,A_coleccion_clinica,CO-ADD:0165043,VBCPVIWPDJVHAN-UHFFFAOYSA-N,Phenoxybenzamine hydrochloride,CC(COc1ccccc1)N(CCCl)Cc1ccccc1.Cl,solo_cribado,False,12.84,,False,False,,,,3.8789,concordancia_negativa
Acinetobacter baumannii,A_coleccion_clinica,CO-ADD:0164786,HYYBABOKPJLUIN-UHFFFAOYSA-N,Mefenamic acid,Cc1cccc(Nc2ccccc2C(O)=O)c1C,solo_cribado,False,13.19,,False,False,,,,3.8785,concordancia_negativa
Acinetobacter baumannii,A_coleccion_clinica,CO-ADD:0164755,UUTKICFRNVKFRG-WDSKDSINSA-N,Pidotimod,OC(=O)[C@@H]1CSCN1C(=O)[C@@H]1CCC(=O)N1,solo_cribado,False,34.23,,False,False,,,,3.8778,concordancia_negativa
Acinetobacter baumannii,A_coleccion_clinica,CO-ADD:0164532,YHXISWVBGDMDLQ-UHFFFAOYSA-N,Moclobemide,Clc1ccc(cc1)C(=O)NCCN1CCOCC1,solo_cribado,False,7.86,,False,False,,,,3.8763,concordancia_negativa
Acinetobacter baumannii,A_coleccion_clinica,CO-ADD:0164952,OCAPBUJLXMYKEJ-UHFFFAOYSA-N,Bifonazole,c1cn(cn1)C(c1ccccc1)c1ccc(cc1)-c1ccccc1,mic_confirmado,False,7.08,,True,False,,,,3.8762,concordancia_negativa
Acinetobacter baumannii,A_coleccion_clinica,CO-ADD:0164398,KEJFADGISRFLFO-UHFFFAOYSA-N,6-Aminoindazole,Nc1ccc2c[nH]nc2c1,solo_cribado,False,18.59,,False,False,,,,3.8753,concordancia_negativa
Acinetobacter baumannii,A_coleccion_clinica,CO-ADD:0164368,WHBHBVVOGNECLV-UHFFFAOYSA-N,11-Deoxycortisol,CC12CCC3C(CCC4=CC(=O)CCC34C)C1CCC2(O)C(=O)CO,solo_cribado,False,7.63,,False,False,,,,3.8706,concordancia_negativa
Acinetobacter baumannii,A_coleccion_clinica,CO-ADD:0165016,XXPDBLUZJRXNNZ-UHFFFAOYSA-N,Promethazine hydrochloride,CC(CN1c2ccccc2Sc2ccccc12)N(C)C.Cl,solo_cribado,False,14.84,,False,False,,,,3.8705,concordancia_negativa
Acinetobacter baumannii,A_coleccion_clinica,CO-ADD:0164391,WIIZWVCIJKGZOK-UHFFFAOYSA-N,Chloramphenicol,OCC(NC(=O)C(Cl)Cl)C(O)c1ccc(cc1)[N+]([O-])=O,mic_confirmado,False,23.28,,True,False,,,,3.87,concordancia_negativa
Acinetobacter baumannii,A_coleccion_clinica,CO-ADD:0164831,CTENFNNZBMHDDG-UHFFFAOYSA-N,Dopamine hydrochloride,NCCc1ccc(O)c(O)c1.Cl,solo_cribado,False,7.35,,False,False,,,,3.8696,concordancia_negativa
Acinetobacter baumannii,A_coleccion_clinica,CO-ADD:0164664,MYKUKUCHPMASKF-UHFFFAOYSA-N,Nornicotine,C1CNC(C1)c1cccnc1,solo_cribado,False,11.27,,False,False,,,,3.8691,concordancia_negativa
Acinetobacter baumannii,A_coleccion_clinica,CO-ADD:0164475,IEDVJHCEMCRBQM-UHFFFAOYSA-N,Trimethoprim,COc1cc(Cc2cnc(N)nc2N)cc(OC)c1OC,mic_confirmado,False,33.55,,False,True,,,,3.8686,concordancia_negativa
Acinetobacter baumannii,A_coleccion_clinica,CO-ADD:0164858,RNAICSBVACLLGM-GNAZCLTHSA-N,Pilocarpine hydrochloride,CC[C@H]1[C@@H](Cc2cncn2C)COC1=O.Cl,solo_cribado,False,13.04,,False,False,,,,3.8678,concordancia_negativa
Acinetobacter baumannii,A_coleccion_clinica,CO-ADD:0164789,FUMINTAAUJUVMP-UHFFFAOYSA-N,SR 57227A,NC1CCN(CC1)c1cccc(Cl)n1.Cl,solo_cribado,False,7.45,,False,False,,,,3.8675,concordancia_negativa
Acinetobacter baumannii,A_coleccion_clinica,CO-ADD:0164502,FQTFHMSZCSUVEU-UHFFFAOYSA-N,(+/-)-Norepinephrine hydrochloride,NCC(O)c1ccc(O)c(O)c1.Cl,solo_cribado,False,7.4,,False,False,,,,3.8664,concordancia_negativa
Acinetobacter baumannii,A_coleccion_clinica,CO-ADD:0164510,OZBDFBJXRJWNAV-UHFFFAOYSA-N,Flumadine hydrochloride,CC(N)C12CC3CC(CC(C3)C1)C2.Cl,solo_cribado,False,8.62,,True,False,,,,3.8662,concordancia_negativa
Acinetobacter baumannii,A_coleccion_clinica,CO-ADD:0164629,BFFSMCNJSOPUAY-LMOVPXPDSA-N,Duloxetine hydrochloride,CNCC[C@H](Oc1cccc2ccccc12)c1cccs1.Cl,solo_cribado,False,13.26,,False,False,,,,3.8651,concordancia_negativa
Acinetobacter baumannii,A_coleccion_clinica,CO-ADD:0164614,CWKFWBJJNNPGAM-IPZCTEOASA-N,Ozagrel hydrochloride,OC(=O)\C=C\c1ccc(Cn2ccnc2)cc1.Cl,solo_cribado,False,2.38,,False,False,,,,3.8641,concordancia_negativa
Acinetobacter baumannii,A_coleccion_clinica,CO-ADD:0164500,FELGMEQIXOGIFQ-UHFFFAOYSA-N,Ondansetron,Cc1nccn1CC1CCc2c(C1=O)c1ccccc1n2C,solo_cribado,False,13.9,,False,False,,,,3.8633,concordancia_negativa
Acinetobacter baumannii,A_coleccion_clinica,CO-ADD:0164925,PPKXEPBICJTCRU-XMZRARIVSA-N,Tramadol hydrochloride,COc1cccc(c1)[C@@]1(O)CCCC[C@@H]1CN(C)C.Cl,solo_cribado,False,8.23,,False,False,,,,3.8626,concordancia_negativa
Acinetobacter baumannii,A_coleccion_clinica,CO-ADD:0164684,MTKNGOHFNXIVOS-UHFFFAOYSA-N,Ticlopidine hydrochloride,Clc1ccccc1CN1CCc2sccc2C1.Cl,solo_cribado,False,13.69,,False,False,,,,3.8625,concordancia_negativa
Acinetobacter baumannii,A_coleccion_clinica,CO-ADD:0164975,HYQMIUSWZXGTCC-UHFFFAOYSA-N,Remacemide hydrochloride,CC(Cc1ccccc1)(NC(=O)CN)c1ccccc1.Cl,solo_cribado,False,20.6,,False,False,,,,3.8617,concordancia_negativa
Acinetobacter baumannii,A_coleccion_clinica,CO-ADD:0165002,ROBVIMPUHSLWNV-UHFFFAOYSA-N,Aminoglutethimide,CCC1(CCC(=O)NC1=O)c1ccc(N)cc1,solo_cribado,False,14.25,,False,False,,,,3.8615,concordancia_negativa
Acinetobacter baumannii,A_coleccion_clinica,CO-ADD:0164705,PZRHRDRVRGEVNW-UHFFFAOYSA-N,Milrinone,Cc1nc(O)c(cc1-c1ccncc1)C#N,solo_cribado,False,42.18,,False,False,,,,3.8583,concordancia_negativa
Acinetobacter baumannii,A_coleccion_clinica,CO-ADD:0165047,BLXXJMDCKKHMKV-UHFFFAOYSA-N,Nabumetone,COc1ccc2cc(CCC(C)=O)ccc2c1,solo_cribado,False,12.84,,False,False,,,,3.8579,concordancia_negativa
Acinetobacter baumannii,A_coleccion_clinica,CO-ADD:0164905,NOIIUHRQUVNIDD-UHFFFAOYSA-N,Nialamide,O=C(CCNNC(=O)c1ccncc1)NCc1ccccc1,solo_cribado,False,16.52,,False,False,,,,3.8566,concordancia_negativa
Acinetobacter baumannii,A_coleccion_clinica,CO-ADD:0164486,WOLHOYHSEKDWQH-UHFFFAOYSA-N,Symmetrel,NC12CC3CC(CC(C3)C1)C2.Cl,solo_cribado,False,10.58,,False,False,,,,3.856,concordancia_negativa
Acinetobacter baumannii,A_coleccion_clinica,CO-ADD:0164384,UCAIEVHKDLMIFL-UHFFFAOYSA-N,Clobenpropit,Clc1ccc(CNC(=N)SCCCc2c[nH]cn2)cc1,solo_cribado,False,6.44,,False,False,,,,3.8543,concordancia_negativa
Acinetobacter baumannii,A_coleccion_clinica,CO-ADD:0164523,MWLSOWXNZPKENC-UHFFFAOYSA-N,Zileuton,CC(N(O)C(N)=O)c1cc2ccccc2s1,solo_cribado,False,6.91,,False,False,,,,3.8538,concordancia_negativa
Acinetobacter baumannii,A_coleccion_clinica,CO-ADD:0164395,KPQZUUQMTUIKBP-UHFFFAOYSA-N,Secnidazole,CC(O)Cn1c(C)ncc1[N+]([O-])=O,solo_cribado,False,10.92,,True,False,,,,3.8537,concordancia_negativa
Acinetobacter baumannii,A_coleccion_clinica,CO-ADD:0164492,MBWXNTAXLNYFJB-UHFFFAOYSA-N,Phylloquinone,CC(C)CCCC(C)CCCC(C)CCCC(C)=CCC1=C(C)C(=O)c2ccccc2C1=O,solo_cribado,False,12.7,,False,False,,,,3.8534,concordancia_negativa
Acinetobacter baumannii,A_coleccion_clinica,CO-ADD:0164423,MHNSPTUQQIYJOT-SJDTYFKWSA-N,Doxepin hydrochloride,CN(C)CC\C=C1/c2ccccc2COc2ccccc12.Cl,solo_cribado,False,13.78,,False,False,,,,3.8532,concordancia_negativa
Acinetobacter baumannii,A_coleccion_clinica,CO-ADD:0165044,ZFSPFXJSEHCTTR-UHFFFAOYSA-N,Procyclidine hydrochloride,OC(CCN1CCCC1)(C1CCCCC1)c1ccccc1.Cl,solo_cribado,False,7.85,,False,False,,,,3.8527,concordancia_negativa
Acinetobacter baumannii,A_coleccion_clinica,CO-ADD:0164504,QDWJJTJNXAKQKD-UHFFFAOYSA-N,Trihexyphenidyl hydrochloride,OC(CCN1CCCCC1)(C1CCCCC1)c1ccccc1.Cl,solo_cribado,False,14.72,,False,False,,,,3.8524,concordancia_negativa
Acinetobacter baumannii,A_coleccion_clinica,CO-ADD:0165035,GKTWGGQPFAXNFI-HNNXBMFYSA-N,Clopidogrel,COC(=O)[C@@H](N1CCc2sccc2C1)c1ccccc1Cl,solo_cribado,False,15.58,,False,False,,,,3.8523,concordancia_negativa
Acinetobacter baumannii,A_coleccion_clinica,CO-ADD:0164477,YMTINGFKWWXKFG-UHFFFAOYSA-N,Fenofibrate,CC(C)OC(=O)C(C)(C)Oc1ccc(cc1)C(=O)c1ccc(Cl)cc1,solo_cribado,False,12.37,,False,False,,,,3.8484,concordancia_negativa
Acinetobacter baumannii,A_coleccion_clinica,CO-ADD:0164719,DWTTZBARDOXEAM-TYZXPVIJSA-N,Zeranol,CC1CCC[C@H](O)CCCCCc2cc(O)cc(O)c2C(=O)O1,solo_cribado,False,15.14,,False,False,,,,3.848,concordancia_negativa
Acinetobacter baumannii,A_coleccion_clinica,CO-ADD:0164815,OPXLLQIJSORQAM-UHFFFAOYSA-N,Mebendazole,COC(=O)Nc1nc2cc(ccc2[nH]1)C(=O)c1ccccc1,solo_cribado,False,13.95,,False,False,,,,3.8456,concordancia_negativa
Acinetobacter baumannii,A_coleccion_clinica,CO-ADD:0164892,DWWHMKBNNNZGHF-UHFFFAOYSA-N,Lofexidine hydrochloride,CC(Oc1c(Cl)cccc1Cl)C1=NCCN1.Cl,solo_cribado,False,8.67,,False,False,,,,3.8447,concordancia_negativa
Acinetobacter baumannii,A_coleccion_clinica,CO-ADD:0164506,GLVAUDGFNGKCSF-UHFFFAOYSA-N,Mercaptopurine,Sc1[nH]cnc2ncnc12,solo_cribado,False,11.75,,False,False,,,,3.8437,concordancia_negativa
Acinetobacter baumannii,A_coleccion_clinica,CO-ADD:0164708,SYTBZMRGLBWNTM-UHFFFAOYSA-N,Flurbiprofen,CC(C(O)=O)c1ccc(c(F)c1)-c1ccccc1,solo_cribado,False,44.27,,False,False,,,,3.8436,concordancia_negativa
Acinetobacter baumannii,A_coleccion_clinica,CO-ADD:0165036,GHASVSINZRGABV-UHFFFAOYSA-N,5-Fluorouracil,Oc1ncc(F)c(O)n1,mic_confirmado,False,28.72,,True,False,,,,3.8435,concordancia_negativa
Acinetobacter baumannii,A_coleccion_clinica,CO-ADD:0164446,MRBDMNSDAVCSSF-UHFFFAOYSA-N,Phentolamine mono-hydrochloride,Cc1ccc(cc1)N(CC1=NCCN1)c1cccc(O)c1,solo_cribado,False,4.16,,False,False,,,,3.8435,concordancia_negativa
Acinetobacter baumannii,A_coleccion_clinica,CO-ADD:0165039,MGCQZNBCJBRZDT-UHFFFAOYSA-N,Midodrine hydrochloride,COc1ccc(OC)c(c1)C(O)CNC(=O)CN.Cl,solo_cribado,False,15.97,,False,False,,,,3.8412,concordancia_negativa
Acinetobacter baumannii,A_coleccion_clinica,CO-ADD:0164906,GIIZNNXWQWCKIB-UHFFFAOYSA-N,Salmeterol,OCc1cc(ccc1O)C(O)CNCCCCCCOCCCCc1ccccc1,solo_cribado,False,18.07,,False,False,,,,3.8404,concordancia_negativa
Acinetobacter baumannii,A_coleccion_clinica,CO-ADD:0164608,IDZASIQMRGPBCQ-UHFFFAOYSA-N,Nafadotride,CCCCN1CCCC1CNC(=O)c1cc(C#N)c2ccccc2c1OC,solo_cribado,False,9.49,,False,False,,,,3.8392,concordancia_negativa
Acinetobacter baumannii,A_coleccion_clinica,CO-ADD:0165017,IHUNBGSDBOWDMA-AQFIFDHZSA-N,Acitretin,COc1cc(C)c(\C=C\C(\C)=C\C=C\C(\C)=C\C(O)=O)c(C)c1C,solo_cribado,False,5.45,,False,False,,,,3.8388,concordancia_negativa
Acinetobacter baumannii,A_coleccion_clinica,CO-ADD:0164641,CHDPSNLJFOQTRK-UHFFFAOYSA-N,Betaxolol hydrochloride,CC(C)NCC(O)COc1ccc(CCOCC2CC2)cc1.Cl,solo_cribado,False,19.43,,False,False,,,,3.8386,concordancia_negativa
Acinetobacter baumannii,A_coleccion_clinica,CO-ADD:0164846,YFGHCGITMMYXAQ-UHFFFAOYSA-N,Modafinil,NC(=O)CS(=O)C(c1ccccc1)c1ccccc1,solo_cribado,False,8.07,,False,False,,,,3.8375,concordancia_negativa
Acinetobacter baumannii,A_coleccion_clinica,CO-ADD:0164784,UEJJHQNACJXSKW-UHFFFAOYSA-N,Thalidomide,O=C1N(C2CCC(=O)NC2=O)C(=O)c2ccccc12,solo_cribado,False,8.64,,False,False,,,,3.8363,concordancia_negativa
Acinetobacter baumannii,A_coleccion_clinica,CO-ADD:0164487,BJORNXNYWNIWEY-UHFFFAOYSA-N,Tetrahydrozoline hydrochloride,C1CN=C(N1)C1CCCc2ccccc12.Cl,solo_cribado,False,22.85,,False,False,,,,3.836,concordancia_negativa
Acinetobacter baumannii,A_coleccion_clinica,CO-ADD:0165024,GIYXAJPCNFJEHY-UHFFFAOYSA-N,Fluoxetine hydrochloride,CNCCC(Oc1ccc(cc1)C(F)(F)F)c1ccccc1.Cl,solo_cribado,False,11.84,,False,False,,,,3.8356,concordancia_negativa
Acinetobacter baumannii,A_coleccion_clinica,CO-ADD:0164382,WJFKNYWRSNBZNX-UHFFFAOYSA-N,Phenothiazine,N1c2ccccc2Sc2ccccc12,solo_cribado,False,12.74,,False,False,,,,3.8336,concordancia_negativa
Acinetobacter baumannii,A_coleccion_clinica,CO-ADD:0164853,FSSICIQKZGUEAE-UHFFFAOYSA-N,Tripelennamine hydrochloride,CN(C)CCN(Cc1ccccc1)c1ccccn1.Cl,solo_cribado,False,4.49,,False,False,,,,3.833,concordancia_negativa
Acinetobacter baumannii,A_coleccion_clinica,CO-ADD:0165018,RHTNTTODYGNRSP-UHFFFAOYSA-N,Priscoline hydrochloride,C(C1=NCCN1)c1ccccc1.Cl,solo_cribado,False,13.23,,False,False,,,,3.8326,concordancia_negativa
Acinetobacter baumannii,A_coleccion_clinica,CO-ADD:0164958,IYETZZCWLLUHIJ-UTONKHPSSA-N,Selegiline hydrochloride,C[C@H](Cc1ccccc1)N(C)CC#C.Cl,solo_cribado,False,19.46,,False,False,,,,3.8326,concordancia_negativa
Acinetobacter baumannii,A_coleccion_clinica,CO-ADD:0165055,BGDKAVGWHJFAGW-UHFFFAOYSA-N,Tropicamide,CCN(Cc1ccncc1)C(=O)C(CO)c1ccccc1,solo_cribado,False,18.41,,False,False,,,,3.8305,concordancia_negativa
Acinetobacter baumannii,A_coleccion_clinica,CO-ADD:0164603,SHAYBENGXDALFF-UHFFFAOYSA-N,Nortriptyline hydrochloride,CNCCC=C1c2ccccc2CCc2ccccc12.Cl,solo_cribado,False,14.17,,False,False,,,,3.8303,concordancia_negativa
Acinetobacter baumannii,A_coleccion_clinica,CO-ADD:0164380,KKKDZZRICRFGSD-UHFFFAOYSA-N,Benzylimidazole,C(c1ccccc1)n1ccnc1,solo_cribado,False,12.69,,False,False,,,,3.8294,concordancia_negativa
Acinetobacter baumannii,A_coleccion_clinica,CO-ADD:0164529,MQHYXXIJLKFQGY-UHFFFAOYSA-N,Methylperone hydrochloride,CC1CCN(CCCC(=O)c2ccc(F)cc2)CC1.Cl,solo_cribado,False,18.9,,False,False,,,,3.829,concordancia_negativa
Acinetobacter baumannii,A_coleccion_clinica,CO-ADD:0164653,ZTOUXLLIPWWHSR-UHFFFAOYSA-N,Itopride hydrochloride,COc1ccc(cc1OC)C(=O)NCc1ccc(OCCN(C)C)cc1.Cl,solo_cribado,False,10.45,,False,False,,,,3.8289,concordancia_negativa
Acinetobacter baumannii,A_coleccion_clinica,CO-ADD:0164374,LUCXVPAZUDVVBT-UNTBIKODSA-N,Atomoxetine hydrochloride,CNCC[C@@H](Oc1ccccc1C)c1ccccc1.Cl,solo_cribado,False,12.55,,False,False,,,,3.8278,concordancia_negativa
Acinetobacter baumannii,A_coleccion_clinica,CO-ADD:0164499,PCHPORCSPXIHLZ-UHFFFAOYSA-N,Diphenhydramine hydrochloride,CN(C)CCOC(c1ccccc1)c1ccccc1.Cl,solo_cribado,False,6.73,,False,False,,,,3.827,concordancia_negativa
Acinetobacter baumannii,A_coleccion_clinica,CO-ADD:0164644,GEKNCWBANDDJJL-UHFFFAOYSA-N,Esmolol hydrochloride,COC(=O)CCc1ccc(OCC(O)CNC(C)C)cc1.Cl,solo_cribado,False,7.89,,False,False,,,,3.8229,concordancia_negativa
Acinetobacter baumannii,A_coleccion_clinica,CO-ADD:0164970,JNLNPCNGMHKCKO-UHFFFAOYSA-N,Indirubin,Oc1[nH]c2ccccc2c1C1=Nc2ccccc2C1=O,solo_cribado,False,5.7,,False,False,,,,3.8228,concordancia_negativa
Acinetobacter baumannii,A_coleccion_clinica,CO-ADD:0164522,QRXWMOHMRWLFEY-UHFFFAOYSA-N,Isoniazid,NNC(=O)c1ccncc1,solo_cribado,False,1.16,,False,False,,,,3.822,concordancia_negativa
Acinetobacter baumannii,A_coleccion_clinica,CO-ADD:0164877,HEYVINCGKDONRU-UHFFFAOYSA-N,Bupropion hydrochloride,CC(NC(C)(C)C)C(=O)c1cccc(Cl)c1.Cl,solo_cribado,False,9.58,,False,False,,,,3.8213,concordancia_negativa
Acinetobacter baumannii,A_coleccion_clinica,CO-ADD:0165020,UQZKYYIKWZOKKD-UHFFFAOYSA-N,Orphenadrine hydrochloride,CN(C)CCOC(c1ccccc1)c1ccccc1C.Cl,solo_cribado,False,12.56,,False,False,,,,3.8213,concordancia_negativa
Acinetobacter baumannii,A_coleccion_clinica,CO-ADD:0164923,NPUKDXXFDDZOKR-LLVKDONJSA-N,Etomidate,CCOC(=O)c1cncn1[C@H](C)c1ccccc1,solo_cribado,False,14.32,,False,False,,,,3.8201,concordancia_negativa
Acinetobacter baumannii,A_coleccion_clinica,CO-ADD:0164607,QYRYFNHXARDNFZ-UHFFFAOYSA-N,Venlafaxine hydrochloride,COc1ccc(cc1)C(CN(C)C)C1(O)CCCCC1.Cl,solo_cribado,False,11.05,,False,False,,,,3.8201,concordancia_negativa
Acinetobacter baumannii,A_coleccion_clinica,CO-ADD:0164552,ODUOJXZPIYUATO-UHFFFAOYSA-N,Racecadotril,CC(=O)SCC(Cc1ccccc1)C(=O)NCC(=O)OCc1ccccc1,solo_cribado,False,11.06,,False,False,,,,3.8198,concordancia_negativa
Acinetobacter baumannii,A_coleccion_clinica,CO-ADD:0164878,UNAANXDKBXWMLN-UHFFFAOYSA-N,Sibutramine,CC(C)CC(N(C)C)C1(CCC1)c1ccc(Cl)cc1,solo_cribado,False,6.77,,False,False,,,,3.8192,concordancia_negativa
Acinetobacter baumannii,A_coleccion_clinica,CO-ADD:0164881,BUJAGSGYPOAWEI-UHFFFAOYSA-N,Tocainide,CC(N)C(=O)Nc1c(C)cccc1C,solo_cribado,False,15.76,,False,False,,,,3.8192,concordancia_negativa
Acinetobacter baumannii,A_coleccion_clinica,CO-ADD:0164518,KFYRPLNVJVHZGT-UHFFFAOYSA-N,Amitriptyline hydrochloride,CN(C)CCC=C1c2ccccc2CCc2ccccc12.Cl,solo_cribado,False,10.05,,False,False,,,,3.8186,concordancia_negativa
Acinetobacter baumannii,A_coleccion_clinica,CO-ADD:0164421,JCKYGMPEJWAADB-UHFFFAOYSA-N,Chlorambucil,OC(=O)CCCc1ccc(cc1)N(CCCl)CCCl,solo_cribado,False,5.1,,False,False,,,,3.8182,concordancia_negativa
Acinetobacter baumannii,A_coleccion_clinica,CO-ADD:0164823,METKIMKYRPQLGS-UHFFFAOYSA-N,Atenolol,CC(C)NCC(O)COc1ccc(CC(N)=O)cc1,solo_cribado,False,6.08,,False,False,,,,3.8135,concordancia_negativa
Acinetobacter baumannii,A_coleccion_clinica,CO-ADD:0164938,MEAHDXWXNNDSAK-UHFFFAOYSA-N,Bifemelane hydrochloride,CNCCCCOc1ccccc1Cc1ccccc1.Cl,solo_cribado,False,15.72,,False,False,,,,3.8107,concordancia_negativa
Acinetobacter baumannii,A_coleccion_clinica,CO-ADD:0165063,JWHAUXFOSRPERK-UHFFFAOYSA-N,Propafenone,CCCNCC(O)COc1ccccc1C(=O)CCc1ccccc1,solo_cribado,False,13.87,,False,False,,,,3.8102,concordancia_negativa
Acinetobacter baumannii,B_transferencia_entre_patogenos,CHEMBL301523,COLNVLDHVKWLRT-QMMMGPOBSA-N,PHENYLALANINE,N[C@@H](Cc1ccccc1)C(=O)O,sin_medida,False,,,False,False,Klebsiella pneumoniae,5.221848749616356,,3.8099,hipotesis_transferencia
Acinetobacter baumannii,A_coleccion_clinica,CO-ADD:0164896,ANOUKFYBOAKOIR-UHFFFAOYSA-N,Homoveratrylamine,COc1ccc(CCN)cc1OC,solo_cribado,False,4.73,,False,False,,,,3.8092,concordancia_negativa
Acinetobacter baumannii,A_coleccion_clinica,CO-ADD:0164766,OFZCIYFFPZCNJE-UHFFFAOYSA-N,Carisoprodol,CCCC(C)(COC(N)=O)COC(=O)NC(C)C,solo_cribado,False,10.55,,False,False,,,,3.8082,concordancia_negativa
Acinetobacter baumannii,A_coleccion_clinica,CO-ADD:0164449,AEUTYOVWOVBAKS-UHFFFAOYSA-N,Ethambutol,CCC(CO)NCCNC(CC)CO,solo_cribado,False,12.6,,False,False,,,,3.807,concordancia_negativa
Acinetobacter baumannii,A_coleccion_clinica,CO-ADD:0164727,CTRLABGOLIVAIY-UHFFFAOYSA-N,Oxcarbazepine,NC(=O)N1c2ccccc2CC(=O)c2ccccc12,solo_cribado,False,18.9,,False,False,,,,3.8069,concordancia_negativa
Acinetobacter baumannii,A_coleccion_clinica,CO-ADD:0164471,TZFWDZFKRBELIQ-UHFFFAOYSA-N,Chlorzoxazone,Oc1nc2cc(Cl)ccc2o1,solo_cribado,False,11.39,,False,False,,,,3.8066,concordancia_negativa
Acinetobacter baumannii,A_coleccion_clinica,CO-ADD:0165007,BJPJNTKRKALCPP-UHFFFAOYSA-N,Prilocaine hydrochloride,CCCNC(C)C(=O)Nc1ccccc1C.Cl,solo_cribado,False,14.94,,False,False,,,,3.806,concordancia_negativa
Acinetobacter baumannii,A_coleccion_clinica,CO-ADD:0164371,LUKBXSAWLPMMSZ-OWOJBTEDSA-N,Resveratrol,Oc1ccc(\C=C\c2cc(O)cc(O)c2)cc1,solo_cribado,False,10.36,,False,False,,,,3.8053,concordancia_negativa
Acinetobacter baumannii,A_coleccion_clinica,CO-ADD:0164953,NRNCYVBFPDDJNE-UHFFFAOYSA-N,Pemolide,NC1=NC(=O)C(O1)c1ccccc1,solo_cribado,False,19.66,,False,False,,,,3.8053,concordancia_negativa
Acinetobacter baumannii,A_coleccion_clinica,CO-ADD:0164428,FFGPTBGBLSHEPO-UHFFFAOYSA-N,Carbamazepine,NC(=O)N1c2ccccc2C=Cc2ccccc12,solo_cribado,False,9.78,,False,False,,,,3.8034,concordancia_negativa
Acinetobacter baumannii,A_coleccion_clinica,CO-ADD:0164707,HPHUVLMMVZITSG-LURJTMIESA-N,Levetiracetam,CC[C@H](N1CCCC1=O)C(N)=O,solo_cribado,False,44.54,,False,False,,,,3.8034,concordancia_negativa
Acinetobacter baumannii,A_coleccion_clinica,CO-ADD:0164670,BNQSTAOJRULKNX-UHFFFAOYSA-N,Hexamethylenebisacetamide,CC(=O)NCCCCCCNC(C)=O,solo_cribado,False,3.02,,False,False,,,,3.8016,concordancia_negativa
Acinetobacter baumannii,A_coleccion_clinica,CO-ADD:0164960,DERJYEZSLHIUKF-UHFFFAOYSA-N,Procarbazine hydrochloride,CNNCc1ccc(cc1)C(=O)NC(C)C.Cl,solo_cribado,False,14.26,,False,False,,,,3.8008,concordancia_negativa
Acinetobacter baumannii,A_coleccion_clinica,CO-ADD:0164422,NKANXQFJJICGDU-UHFFFAOYSA-N,Tamoxifen,CCC(=C(c1ccccc1)c1ccc(OCCN(C)C)cc1)c1ccccc1,solo_cribado,False,6.08,,False,False,,,,3.7957,concordancia_negativa
Acinetobacter baumannii,A_coleccion_clinica,CO-ADD:0164596,DNTGGZPQPQTDQF-XBXARRHUSA-N,Crotamiton,CCN(C(=O)\C=C\C)c1ccccc1C,solo_cribado,False,1.59,,False,False,,,,3.791,concordancia_negativa
Acinetobacter baumannii,A_coleccion_clinica,CO-ADD:0164587,YKPUWZUDDOIDPM-VURMDHGXSA-N,Zucapsaicin,COc1cc(CNC(=O)CCCC\C=C/C(C)C)ccc1O,solo_cribado,False,15.26,,False,False,,,,3.7904,concordancia_negativa
Acinetobacter baumannii,A_coleccion_clinica,CO-ADD:0164583,BMLMGCPTLHPWPY-REOHCLBHSA-N,Procysteine,OC(=O)[C@@H]1CSC(=O)N1,solo_cribado,False,15.77,,False,False,,,,3.7902,concordancia_negativa
Acinetobacter baumannii,A_coleccion_clinica,CO-ADD:0165027,GNXFOGHNGIVQEH-UHFFFAOYSA-N,Methocarbamol,COc1ccccc1OCC(O)COC(N)=O,solo_cribado,False,19.81,,False,False,,,,3.7892,concordancia_negativa
Acinetobacter baumannii,A_coleccion_clinica,CO-ADD:0164899,FVYXIJYOAGAUQK-UHFFFAOYSA-N,Honokiol,Oc1ccc(cc1CC=C)-c1cc(CC=C)ccc1O,solo_cribado,False,34.04,,False,False,,,,3.7881,concordancia_negativa
Acinetobacter baumannii,A_coleccion_clinica,CO-ADD:0164910,RHAXSHUQNIEUEY-UHFFFAOYSA-N,Mepirizole,COc1cc(C)nn1-c1nc(C)cc(OC)n1,solo_cribado,False,12.79,,False,False,,,,3.7864,concordancia_negativa
Acinetobacter baumannii,A_coleccion_clinica,CO-ADD:0164825,PMRYVIKBURPHAH-UHFFFAOYSA-N,Methimazole,Cn1ccnc1S,solo_cribado,False,18.29,,False,False,,,,3.7848,concordancia_negativa
Acinetobacter baumannii,A_coleccion_clinica,CO-ADD:0164419,DFPAKSUCGFBDDF-UHFFFAOYSA-N,Nicotinamide,NC(=O)c1cccnc1,solo_cribado,False,14.85,,False,False,,,,3.7844,concordancia_negativa
Acinetobacter baumannii,A_coleccion_clinica,CO-ADD:0165062,WJCNZQLZVWNLKY-UHFFFAOYSA-N,Thiabendazole,c1nc(cs1)-c1nc2ccccc2[nH]1,solo_cribado,False,16.13,,True,False,,,,3.7836,concordancia_negativa
Acinetobacter baumannii,A_coleccion_clinica,CO-ADD:0164861,YRCWQPVGYLYSOX-UHFFFAOYSA-N,Synephrine,CNCC(O)c1ccc(O)cc1,solo_cribado,False,6.75,,False,False,,,,3.7831,concordancia_negativa
Acinetobacter baumannii,A_coleccion_clinica,CO-ADD:0164461,NFEIBWMZVIVJLQ-UHFFFAOYSA-N,Mexiletine hydrochloride,CC(N)COc1c(C)cccc1C.Cl,solo_cribado,False,15.77,,False,False,,,,3.781,concordancia_negativa
Acinetobacter baumannii,A_coleccion_clinica,CO-ADD:0164839,LMOINURANNBYCM-UHFFFAOYSA-N,Metaproterenol,CC(C)NCC(O)c1cc(O)cc(O)c1,solo_cribado,False,4.84,,False,False,,,,3.78,concordancia_negativa
Acinetobacter baumannii,A_coleccion_clinica,CO-ADD:0164424,DKYWVDODHFEZIM-UHFFFAOYSA-N,Ketoprofen,CC(C(O)=O)c1cccc(c1)C(=O)c1ccccc1,solo_cribado,False,8.02,,False,False,,,,3.7781,concordancia_negativa
Acinetobacter baumannii,A_coleccion_clinica,CO-ADD:0165011,AEOCXXJPGCBFJA-UHFFFAOYSA-N,Ethionamide,CCc1cc(ccn1)C(N)=S,solo_cribado,False,20.55,,False,False,,,,3.7764,concordancia_negativa
Acinetobacter baumannii,A_coleccion_clinica,CO-ADD:0164415,CAMYKONBWHRPDD-UHFFFAOYSA-N,Phenprobamate,NC(=O)OCCCc1ccccc1,solo_cribado,False,8.0,,False,False,,,,3.774,concordancia_negativa
Acinetobacter baumannii,A_coleccion_clinica,CO-ADD:0164505,KNAHARQHSZJURB-UHFFFAOYSA-N,Propylthiouracil,CCCc1cc(O)nc(S)n1,solo_cribado,False,12.96,,False,False,,,,3.771,concordancia_negativa
Acinetobacter baumannii,B_transferencia_entre_patogenos,CHEMBL43068,KZSNJWFQEVHDMF-BYPYZUCNSA-N,VALINE,CC(C)[C@H](N)C(=O)O,sin_medida,False,,,False,False,Klebsiella pneumoniae,5.494850021680094,,3.7683,hipotesis_transferencia
Acinetobacter baumannii,A_coleccion_clinica,CO-ADD:0164808,PVNIIMVLHYAWGP-UHFFFAOYSA-N,Nicotinic acid,OC(=O)c1cccnc1,solo_cribado,False,7.84,,False,False,,,,3.7681,concordancia_negativa
Acinetobacter baumannii,A_coleccion_clinica,CO-ADD:0164723,DYDCUQKUCUHJBH-UWTATZPHSA-N,D-Cycloserine,N[C@@H]1CONC1=O,solo_cribado,False,60.23,,False,False,,,,3.766,concordancia_negativa
Acinetobacter baumannii,A_coleccion_clinica,CO-ADD:0164567,MVQVNTPHUGQQHK-UHFFFAOYSA-N,3-Pyridinemethanol,OCc1cccnc1,solo_cribado,False,13.13,,False,False,,,,3.7593,concordancia_negativa
Acinetobacter baumannii,A_coleccion_clinica,CO-ADD:0164693,XPQIPUZPSLAZDV-UHFFFAOYSA-N,2-Pyridylethylamine,NCCc1ccccn1,solo_cribado,False,14.43,,False,False,,,,3.7591,concordancia_negativa
Acinetobacter baumannii,A_coleccion_clinica,CO-ADD:0164855,JXTHNDFMNIQAHM-UHFFFAOYSA-N,Dichloroacetic acid,OC(=O)C(Cl)Cl,solo_cribado,False,15.81,,False,False,,,,3.7575,concordancia_negativa
Acinetobacter baumannii,A_coleccion_clinica,CO-ADD:0164531,OBKXEAXTFZPCHS-UHFFFAOYSA-N,4-Phenylbutyric acid,OC(=O)CCCc1ccccc1,solo_cribado,False,13.63,,False,False,,,,3.7535,concordancia_negativa
Acinetobacter baumannii,B_transferencia_entre_patogenos,CHEMBL291962,ROHFNLRQFUQHCH-YFKPBYRVSA-N,LEUCINE,CC(C)C[C@H](N)C(=O)O,sin_medida,False,,,False,False,Klebsiella pneumoniae,5.207608310501746,,3.7521,hipotesis_transferencia
